Data Source,Indicator,Indicator Measure,Gender,Geography,Denominator,Numerator,Prevalence,Lower 95% CI (Prevalence),Upper 95% CI (Prevalence),Confidence interval type,Release Flag (Prevalence),Comparison with Canada
2020 SCMH,High self-rated mental health,Percentage (%) of population aged 18 years and older who reported high self-rated mental health,all adults,Canada,12335,7292,59.9,58.7,61.2,Wald,C,
2020 SCMH,High self-rated mental health,Percentage (%) of population aged 18 years and older who reported high self-rated mental health,all adults,British Columbia,1148,662,55.6,52.1,59.1,Wald,C,not significantly different
2020 SCMH,High self-rated mental health,Percentage (%) of population aged 18 years and older who reported high self-rated mental health,all adults,Alberta,1092,591,53.3,49.9,56.7,Wald,C,significantly lower
2020 SCMH,High self-rated mental health,Percentage (%) of population aged 18 years and older who reported high self-rated mental health,all adults,Saskatchewan,901,489,54.0,50.1,57.9,Wald,C,significantly lower
2020 SCMH,High self-rated mental health,Percentage (%) of population aged 18 years and older who reported high self-rated mental health,all adults,Manitoba,982,546,54.2,50.7,57.7,Wald,C,significantly lower
2020 SCMH,High self-rated mental health,Percentage (%) of population aged 18 years and older who reported high self-rated mental health,all adults,Ontario,1975,1169,58.9,56.4,61.4,Wald,C,not significantly different
2020 SCMH,High self-rated mental health,Percentage (%) of population aged 18 years and older who reported high self-rated mental health,all adults,Quebec,1704,1207,70.1,67.6,72.5,Wald,C,significantly higher
2020 SCMH,High self-rated mental health,Percentage (%) of population aged 18 years and older who reported high self-rated mental health,all adults,New Brunswick,880,492,52.2,48.5,56.0,Wald,C,significantly lower
2020 SCMH,High self-rated mental health,Percentage (%) of population aged 18 years and older who reported high self-rated mental health,all adults,Nova Scotia,967,551,57.4,53.6,61.2,Wald,C,not significantly different
2020 SCMH,High self-rated mental health,Percentage (%) of population aged 18 years and older who reported high self-rated mental health,all adults,Prince Edward Island,824,501,60.3,56.2,64.4,Wald,C,not significantly different
2020 SCMH,High self-rated mental health,Percentage (%) of population aged 18 years and older who reported high self-rated mental health,all adults,Newfoundland And Labrador,842,546,62.6,59.0,66.2,Wald,C,not significantly different
2020 SCMH,High self-rated mental health,Percentage (%) of population aged 18 years and older who reported high self-rated mental health,all adults,Yukon (Whitehorse),419,218,53.3,47.5,59.0,Wald,C,not significantly different
2020 SCMH,High self-rated mental health,Percentage (%) of population aged 18 years and older who reported high self-rated mental health,all adults,Northwest Territories (Yellowknife),367,192,49.2,43.1,55.3,Wald,C,significantly lower
2020 SCMH,High self-rated mental health,Percentage (%) of population aged 18 years and older who reported high self-rated mental health,all adults,Nunavut (Iqaluit),234,128,50.0,42.3,57.7,Wald,C,significantly lower
2020 SCMH,High self-rated mental health,Percentage (%) of population aged 18 years and older who reported high self-rated mental health,females,Canada,7057,3918,55.7,53.9,57.5,Wald,C,
2020 SCMH,High self-rated mental health,Percentage (%) of population aged 18 years and older who reported high self-rated mental health,females,British Columbia,640,340,51.2,46.6,55.7,Wald,C,not significantly different
2020 SCMH,High self-rated mental health,Percentage (%) of population aged 18 years and older who reported high self-rated mental health,females,Alberta,595,294,47.1,42.4,51.8,Wald,C,significantly lower
2020 SCMH,High self-rated mental health,Percentage (%) of population aged 18 years and older who reported high self-rated mental health,females,Saskatchewan,533,272,50.3,45.4,55.3,Wald,C,not significantly different
2020 SCMH,High self-rated mental health,Percentage (%) of population aged 18 years and older who reported high self-rated mental health,females,Manitoba,555,283,49.2,44.4,54.0,Wald,C,not significantly different
2020 SCMH,High self-rated mental health,Percentage (%) of population aged 18 years and older who reported high self-rated mental health,females,Ontario,1101,613,54.2,50.7,57.6,Wald,C,not significantly different
2020 SCMH,High self-rated mental health,Percentage (%) of population aged 18 years and older who reported high self-rated mental health,females,Quebec,965,664,67.7,64.4,71.0,Wald,C,significantly higher
2020 SCMH,High self-rated mental health,Percentage (%) of population aged 18 years and older who reported high self-rated mental health,females,New Brunswick,515,278,51.3,46.3,56.3,Wald,C,not significantly different
2020 SCMH,High self-rated mental health,Percentage (%) of population aged 18 years and older who reported high self-rated mental health,females,Nova Scotia,595,305,48.8,44.5,53.2,Wald,C,significantly lower
2020 SCMH,High self-rated mental health,Percentage (%) of population aged 18 years and older who reported high self-rated mental health,females,Prince Edward Island,506,299,57.9,53.0,62.7,Wald,C,not significantly different
2020 SCMH,High self-rated mental health,Percentage (%) of population aged 18 years and older who reported high self-rated mental health,females,Newfoundland And Labrador,473,293,58.8,53.9,63.8,Wald,C,not significantly different
2020 SCMH,High self-rated mental health,Percentage (%) of population aged 18 years and older who reported high self-rated mental health,females,Yukon (Whitehorse),254,121,46.4,39.1,53.6,Wald,C,significantly lower
2020 SCMH,High self-rated mental health,Percentage (%) of population aged 18 years and older who reported high self-rated mental health,females,Northwest Territories (Yellowknife),197,93,45.7,37.7,53.7,Wald,C,significantly lower
2020 SCMH,High self-rated mental health,Percentage (%) of population aged 18 years and older who reported high self-rated mental health,females,Nunavut (Iqaluit),128,63,41.6,31.8,51.4,Wald,C,significantly lower
2020 SCMH,High self-rated mental health,Percentage (%) of population aged 18 years and older who reported high self-rated mental health,males,Canada,5252,3368,64.5,62.6,66.4,Wald,C,
2020 SCMH,High self-rated mental health,Percentage (%) of population aged 18 years and older who reported high self-rated mental health,males,British Columbia,505,321,60.2,54.9,65.5,Wald,C,not significantly different
2020 SCMH,High self-rated mental health,Percentage (%) of population aged 18 years and older who reported high self-rated mental health,males,Alberta,495,296,59.4,54.3,64.5,Wald,C,not significantly different
2020 SCMH,High self-rated mental health,Percentage (%) of population aged 18 years and older who reported high self-rated mental health,males,Saskatchewan,365,217,57.9,51.7,64.1,Wald,C,not significantly different
2020 SCMH,High self-rated mental health,Percentage (%) of population aged 18 years and older who reported high self-rated mental health,males,Manitoba,423,263,60.3,54.9,65.7,Wald,C,not significantly different
2020 SCMH,High self-rated mental health,Percentage (%) of population aged 18 years and older who reported high self-rated mental health,males,Ontario,870,555,64.0,60.3,67.6,Wald,C,not significantly different
2020 SCMH,High self-rated mental health,Percentage (%) of population aged 18 years and older who reported high self-rated mental health,males,Quebec,735,541,72.6,68.9,76.3,Wald,C,significantly higher
2020 SCMH,High self-rated mental health,Percentage (%) of population aged 18 years and older who reported high self-rated mental health,males,New Brunswick,365,214,53.2,47.4,59.0,Wald,C,significantly lower
2020 SCMH,High self-rated mental health,Percentage (%) of population aged 18 years and older who reported high self-rated mental health,males,Nova Scotia,371,246,66.6,60.4,72.7,Wald,C,not significantly different
2020 SCMH,High self-rated mental health,Percentage (%) of population aged 18 years and older who reported high self-rated mental health,males,Prince Edward Island,317,201,62.7,56.1,69.3,Wald,C,not significantly different
2020 SCMH,High self-rated mental health,Percentage (%) of population aged 18 years and older who reported high self-rated mental health,males,Newfoundland And Labrador,368,253,66.8,61.6,72.1,Wald,C,not significantly different
2020 SCMH,High self-rated mental health,Percentage (%) of population aged 18 years and older who reported high self-rated mental health,males,Yukon (Whitehorse),162,97,61.3,52.5,70.1,Wald,C,not significantly different
2020 SCMH,High self-rated mental health,Percentage (%) of population aged 18 years and older who reported high self-rated mental health,males,Northwest Territories (Yellowknife),170,99,52.7,43.6,61.8,Wald,C,significantly lower
2020 SCMH,High self-rated mental health,Percentage (%) of population aged 18 years and older who reported high self-rated mental health,males,Nunavut (Iqaluit),106,65,59.8,48.9,70.6,Wald,C,not significantly different
2021 SCMH,High self-rated mental health,Percentage (%) of population aged 18 years and older who reported high self-rated mental health,all adults,Canada,6590,3476,51.5,49.7,53.3,Wald,C,
2021 SCMH,High self-rated mental health,Percentage (%) of population aged 18 years and older who reported high self-rated mental health,all adults,British Columbia,576,298,48.2,43.5,52.8,Wald,C,not significantly different
2021 SCMH,High self-rated mental health,Percentage (%) of population aged 18 years and older who reported high self-rated mental health,all adults,Alberta,556,254,44.7,39.7,49.6,Wald,C,significantly lower
2021 SCMH,High self-rated mental health,Percentage (%) of population aged 18 years and older who reported high self-rated mental health,all adults,Saskatchewan,470,224,50.0,44.6,55.3,Wald,C,not significantly different
2021 SCMH,High self-rated mental health,Percentage (%) of population aged 18 years and older who reported high self-rated mental health,all adults,Manitoba,503,263,51.8,46.7,56.8,Wald,C,not significantly different
2021 SCMH,High self-rated mental health,Percentage (%) of population aged 18 years and older who reported high self-rated mental health,all adults,Ontario,1007,504,47.8,44.3,51.4,Wald,C,not significantly different
2021 SCMH,High self-rated mental health,Percentage (%) of population aged 18 years and older who reported high self-rated mental health,all adults,Quebec,919,599,63.6,60.0,67.1,Wald,C,significantly higher
2021 SCMH,High self-rated mental health,Percentage (%) of population aged 18 years and older who reported high self-rated mental health,all adults,New Brunswick,467,223,46.4,41.1,51.7,Wald,C,not significantly different
2021 SCMH,High self-rated mental health,Percentage (%) of population aged 18 years and older who reported high self-rated mental health,all adults,Nova Scotia,491,254,50.0,44.6,55.4,Wald,C,not significantly different
2021 SCMH,High self-rated mental health,Percentage (%) of population aged 18 years and older who reported high self-rated mental health,all adults,Prince Edward Island,364,200,54.9,49.1,60.7,Wald,C,not significantly different
2021 SCMH,High self-rated mental health,Percentage (%) of population aged 18 years and older who reported high self-rated mental health,all adults,Newfoundland And Labrador,387,231,57.7,51.9,63.6,Wald,C,not significantly different
2021 SCMH,High self-rated mental health,Percentage (%) of population aged 18 years and older who reported high self-rated mental health,all adults,Yukon (Whitehorse),355,175,46.9,40.8,53.0,Wald,C,not significantly different
2021 SCMH,High self-rated mental health,Percentage (%) of population aged 18 years and older who reported high self-rated mental health,all adults,Northwest Territories (Yellowknife),346,180,49.5,43.0,56.1,Wald,C,not significantly different
2021 SCMH,High self-rated mental health,Percentage (%) of population aged 18 years and older who reported high self-rated mental health,all adults,Nunavut (Iqaluit),149,71,44.1,34.5,53.7,Wald,C,not significantly different
2021 SCMH,High self-rated mental health,Percentage (%) of population aged 18 years and older who reported high self-rated mental health,females,Canada,3753,1844,49.3,46.9,51.6,Wald,C,
2021 SCMH,High self-rated mental health,Percentage (%) of population aged 18 years and older who reported high self-rated mental health,females,British Columbia,320,150,43.6,37.4,49.9,Wald,C,not significantly different
2021 SCMH,High self-rated mental health,Percentage (%) of population aged 18 years and older who reported high self-rated mental health,females,Alberta,312,132,42.3,36.4,48.1,Wald,C,not significantly different
2021 SCMH,High self-rated mental health,Percentage (%) of population aged 18 years and older who reported high self-rated mental health,females,Saskatchewan,282,122,45.9,38.9,52.9,Wald,C,not significantly different
2021 SCMH,High self-rated mental health,Percentage (%) of population aged 18 years and older who reported high self-rated mental health,females,Manitoba,281,142,51.0,44.4,57.5,Wald,C,not significantly different
2021 SCMH,High self-rated mental health,Percentage (%) of population aged 18 years and older who reported high self-rated mental health,females,Ontario,554,267,46.7,42.0,51.3,Wald,C,not significantly different
2021 SCMH,High self-rated mental health,Percentage (%) of population aged 18 years and older who reported high self-rated mental health,females,Quebec,523,329,62.1,57.5,66.6,Wald,C,significantly higher
2021 SCMH,High self-rated mental health,Percentage (%) of population aged 18 years and older who reported high self-rated mental health,females,New Brunswick,279,118,40.6,34.2,47.0,Wald,C,not significantly different
2021 SCMH,High self-rated mental health,Percentage (%) of population aged 18 years and older who reported high self-rated mental health,females,Nova Scotia,286,140,45.1,38.5,51.8,Wald,C,not significantly different
2021 SCMH,High self-rated mental health,Percentage (%) of population aged 18 years and older who reported high self-rated mental health,females,Prince Edward Island,225,114,48.4,41.2,55.5,Wald,C,not significantly different
2021 SCMH,High self-rated mental health,Percentage (%) of population aged 18 years and older who reported high self-rated mental health,females,Newfoundland And Labrador,230,127,52.4,45.2,59.6,Wald,C,not significantly different
2021 SCMH,High self-rated mental health,Percentage (%) of population aged 18 years and older who reported high self-rated mental health,females,Yukon (Whitehorse),202,99,49.2,41.7,56.6,Wald,C,not significantly different
2021 SCMH,High self-rated mental health,Percentage (%) of population aged 18 years and older who reported high self-rated mental health,females,Northwest Territories (Yellowknife),178,75,40.0,31.3,48.7,Wald,C,not significantly different
2021 SCMH,High self-rated mental health,Percentage (%) of population aged 18 years and older who reported high self-rated mental health,females,Nunavut (Iqaluit),81,29,37.7,26.1,49.2,Wald,A,not significantly different
2021 SCMH,High self-rated mental health,Percentage (%) of population aged 18 years and older who reported high self-rated mental health,males,Canada,2827,1631,53.9,51.2,56.7,Wald,C,
2021 SCMH,High self-rated mental health,Percentage (%) of population aged 18 years and older who reported high self-rated mental health,males,British Columbia,255,148,53.1,46.1,60.0,Wald,C,not significantly different
2021 SCMH,High self-rated mental health,Percentage (%) of population aged 18 years and older who reported high self-rated mental health,males,Alberta,242,122,47.3,39.2,55.4,Wald,C,not significantly different
2021 SCMH,High self-rated mental health,Percentage (%) of population aged 18 years and older who reported high self-rated mental health,males,Saskatchewan,188,102,54.0,45.6,62.4,Wald,C,not significantly different
2021 SCMH,High self-rated mental health,Percentage (%) of population aged 18 years and older who reported high self-rated mental health,males,Manitoba,222,121,52.6,44.8,60.3,Wald,C,not significantly different
2021 SCMH,High self-rated mental health,Percentage (%) of population aged 18 years and older who reported high self-rated mental health,males,Ontario,450,237,49.3,44.0,54.6,Wald,C,not significantly different
2021 SCMH,High self-rated mental health,Percentage (%) of population aged 18 years and older who reported high self-rated mental health,males,Quebec,396,270,65.1,59.6,70.6,Wald,C,significantly higher
2021 SCMH,High self-rated mental health,Percentage (%) of population aged 18 years and older who reported high self-rated mental health,males,New Brunswick,187,105,52.7,44.3,61.1,Wald,C,not significantly different
2021 SCMH,High self-rated mental health,Percentage (%) of population aged 18 years and older who reported high self-rated mental health,males,Nova Scotia,205,114,55.1,46.2,64.1,Wald,C,not significantly different
2021 SCMH,High self-rated mental health,Percentage (%) of population aged 18 years and older who reported high self-rated mental health,males,Prince Edward Island,139,86,61.7,52.0,71.4,Wald,C,not significantly different
2021 SCMH,High self-rated mental health,Percentage (%) of population aged 18 years and older who reported high self-rated mental health,males,Newfoundland And Labrador,157,104,63.2,54.0,72.5,Wald,C,not significantly different
2021 SCMH,High self-rated mental health,Percentage (%) of population aged 18 years and older who reported high self-rated mental health,males,Yukon (Whitehorse),151,75,44.5,34.8,54.2,Wald,C,not significantly different
2021 SCMH,High self-rated mental health,Percentage (%) of population aged 18 years and older who reported high self-rated mental health,males,Northwest Territories (Yellowknife),167,105,59.1,49.3,68.9,Wald,C,not significantly different
2021 SCMH,High self-rated mental health,Percentage (%) of population aged 18 years and older who reported high self-rated mental health,males,Nunavut (Iqaluit),68,42,50.3,35.5,65.1,Wald,A,not significantly different
2020 and 2021 SCMH (combined),High self-rated mental health,Percentage (%) of population aged 18 years and older who reported high self-rated mental health,all adults,Canada,18925,10768,55.7,54.6,56.8,Wald,C,
2020 and 2021 SCMH (combined),High self-rated mental health,Percentage (%) of population aged 18 years and older who reported high self-rated mental health,all adults,British Columbia,1724,960,51.8,48.9,54.7,Wald,C,not significantly different
2020 and 2021 SCMH (combined),High self-rated mental health,Percentage (%) of population aged 18 years and older who reported high self-rated mental health,all adults,Alberta,1648,845,49.0,46.1,51.9,Wald,C,significantly lower
2020 and 2021 SCMH (combined),High self-rated mental health,Percentage (%) of population aged 18 years and older who reported high self-rated mental health,all adults,Saskatchewan,1371,713,52.0,48.7,55.3,Wald,C,not significantly different
2020 and 2021 SCMH (combined),High self-rated mental health,Percentage (%) of population aged 18 years and older who reported high self-rated mental health,all adults,Manitoba,1485,809,53.0,49.9,56.0,Wald,C,not significantly different
2020 and 2021 SCMH (combined),High self-rated mental health,Percentage (%) of population aged 18 years and older who reported high self-rated mental health,all adults,Ontario,2982,1673,53.4,51.1,55.6,Wald,C,not significantly different
2020 and 2021 SCMH (combined),High self-rated mental health,Percentage (%) of population aged 18 years and older who reported high self-rated mental health,all adults,Quebec,2623,1806,66.8,64.7,68.9,Wald,C,significantly higher
2020 and 2021 SCMH (combined),High self-rated mental health,Percentage (%) of population aged 18 years and older who reported high self-rated mental health,all adults,New Brunswick,1347,715,49.3,46.1,52.5,Wald,C,significantly lower
2020 and 2021 SCMH (combined),High self-rated mental health,Percentage (%) of population aged 18 years and older who reported high self-rated mental health,all adults,Nova Scotia,1458,805,53.7,50.4,57.0,Wald,C,not significantly different
2020 and 2021 SCMH (combined),High self-rated mental health,Percentage (%) of population aged 18 years and older who reported high self-rated mental health,all adults,Prince Edward Island,1188,701,57.6,53.9,61.2,Wald,C,not significantly different
2020 and 2021 SCMH (combined),High self-rated mental health,Percentage (%) of population aged 18 years and older who reported high self-rated mental health,all adults,Newfoundland And Labrador,1229,777,60.2,56.7,63.6,Wald,C,not significantly different
2020 and 2021 SCMH (combined),High self-rated mental health,Percentage (%) of population aged 18 years and older who reported high self-rated mental health,all adults,Yukon (Whitehorse),774,393,50.0,45.8,54.3,Wald,C,significantly lower
2020 and 2021 SCMH (combined),High self-rated mental health,Percentage (%) of population aged 18 years and older who reported high self-rated mental health,all adults,Northwest Territories (Yellowknife),713,372,49.4,44.8,53.9,Wald,C,significantly lower
2020 and 2021 SCMH (combined),High self-rated mental health,Percentage (%) of population aged 18 years and older who reported high self-rated mental health,all adults,Nunavut (Iqaluit),383,199,47.1,40.6,53.7,Wald,C,significantly lower
2020 and 2021 SCMH (combined),High self-rated mental health,Percentage (%) of population aged 18 years and older who reported high self-rated mental health,females,Canada,10810,5762,52.5,51.0,53.9,Wald,C,
2020 and 2021 SCMH (combined),High self-rated mental health,Percentage (%) of population aged 18 years and older who reported high self-rated mental health,females,British Columbia,960,490,47.3,43.5,51.1,Wald,C,not significantly different
2020 and 2021 SCMH (combined),High self-rated mental health,Percentage (%) of population aged 18 years and older who reported high self-rated mental health,females,Alberta,907,426,44.7,41.0,48.4,Wald,C,significantly lower
2020 and 2021 SCMH (combined),High self-rated mental health,Percentage (%) of population aged 18 years and older who reported high self-rated mental health,females,Saskatchewan,815,394,48.1,43.9,52.4,Wald,C,not significantly different
2020 and 2021 SCMH (combined),High self-rated mental health,Percentage (%) of population aged 18 years and older who reported high self-rated mental health,females,Manitoba,836,425,50.1,46.0,54.1,Wald,C,not significantly different
2020 and 2021 SCMH (combined),High self-rated mental health,Percentage (%) of population aged 18 years and older who reported high self-rated mental health,females,Ontario,1655,880,50.4,47.6,53.3,Wald,C,not significantly different
2020 and 2021 SCMH (combined),High self-rated mental health,Percentage (%) of population aged 18 years and older who reported high self-rated mental health,females,Quebec,1488,993,64.9,62.2,67.6,Wald,C,significantly higher
2020 and 2021 SCMH (combined),High self-rated mental health,Percentage (%) of population aged 18 years and older who reported high self-rated mental health,females,New Brunswick,794,396,45.9,41.8,49.9,Wald,C,significantly lower
2020 and 2021 SCMH (combined),High self-rated mental health,Percentage (%) of population aged 18 years and older who reported high self-rated mental health,females,Nova Scotia,881,445,47.0,43.0,50.9,Wald,C,significantly lower
2020 and 2021 SCMH (combined),High self-rated mental health,Percentage (%) of population aged 18 years and older who reported high self-rated mental health,females,Prince Edward Island,731,413,53.1,48.8,57.4,Wald,C,not significantly different
2020 and 2021 SCMH (combined),High self-rated mental health,Percentage (%) of population aged 18 years and older who reported high self-rated mental health,females,Newfoundland And Labrador,703,420,55.6,51.2,59.9,Wald,C,not significantly different
2020 and 2021 SCMH (combined),High self-rated mental health,Percentage (%) of population aged 18 years and older who reported high self-rated mental health,females,Yukon (Whitehorse),456,220,47.8,42.8,52.8,Wald,C,not significantly different
2020 and 2021 SCMH (combined),High self-rated mental health,Percentage (%) of population aged 18 years and older who reported high self-rated mental health,females,Northwest Territories (Yellowknife),375,168,42.8,36.8,48.8,Wald,C,significantly lower
2020 and 2021 SCMH (combined),High self-rated mental health,Percentage (%) of population aged 18 years and older who reported high self-rated mental health,females,Nunavut (Iqaluit),209,92,39.8,31.8,47.8,Wald,C,significantly lower
2020 and 2021 SCMH (combined),High self-rated mental health,Percentage (%) of population aged 18 years and older who reported high self-rated mental health,males,Canada,8079,4999,59.2,57.5,60.9,Wald,C,
2020 and 2021 SCMH (combined),High self-rated mental health,Percentage (%) of population aged 18 years and older who reported high self-rated mental health,males,British Columbia,760,469,56.6,52.1,61.0,Wald,C,not significantly different
2020 and 2021 SCMH (combined),High self-rated mental health,Percentage (%) of population aged 18 years and older who reported high self-rated mental health,males,Alberta,737,418,53.4,48.7,58.1,Wald,C,not significantly different
2020 and 2021 SCMH (combined),High self-rated mental health,Percentage (%) of population aged 18 years and older who reported high self-rated mental health,males,Saskatchewan,553,319,56.0,50.7,61.2,Wald,C,not significantly different
2020 and 2021 SCMH (combined),High self-rated mental health,Percentage (%) of population aged 18 years and older who reported high self-rated mental health,males,Manitoba,645,384,56.4,51.7,61.1,Wald,C,not significantly different
2020 and 2021 SCMH (combined),High self-rated mental health,Percentage (%) of population aged 18 years and older who reported high self-rated mental health,males,Ontario,1320,792,56.6,53.3,59.9,Wald,C,not significantly different
2020 and 2021 SCMH (combined),High self-rated mental health,Percentage (%) of population aged 18 years and older who reported high self-rated mental health,males,Quebec,1131,811,68.8,65.5,72.1,Wald,C,significantly higher
2020 and 2021 SCMH (combined),High self-rated mental health,Percentage (%) of population aged 18 years and older who reported high self-rated mental health,males,New Brunswick,552,319,53.0,47.9,58.0,Wald,C,not significantly different
2020 and 2021 SCMH (combined),High self-rated mental health,Percentage (%) of population aged 18 years and older who reported high self-rated mental health,males,Nova Scotia,576,360,60.8,55.4,66.2,Wald,C,not significantly different
2020 and 2021 SCMH (combined),High self-rated mental health,Percentage (%) of population aged 18 years and older who reported high self-rated mental health,males,Prince Edward Island,456,287,62.2,56.3,68.1,Wald,C,not significantly different
2020 and 2021 SCMH (combined),High self-rated mental health,Percentage (%) of population aged 18 years and older who reported high self-rated mental health,males,Newfoundland And Labrador,525,357,65.0,59.6,70.4,Wald,C,not significantly different
2020 and 2021 SCMH (combined),High self-rated mental health,Percentage (%) of population aged 18 years and older who reported high self-rated mental health,males,Yukon (Whitehorse),313,172,52.6,45.7,59.5,Wald,C,not significantly different
2020 and 2021 SCMH (combined),High self-rated mental health,Percentage (%) of population aged 18 years and older who reported high self-rated mental health,males,Northwest Territories (Yellowknife),337,204,56.0,49.3,62.7,Wald,C,not significantly different
2020 and 2021 SCMH (combined),High self-rated mental health,Percentage (%) of population aged 18 years and older who reported high self-rated mental health,males,Nunavut (Iqaluit),174,107,55.0,45.1,64.9,Wald,C,not significantly different
2020 SCMH,High community belonging,Percentage (%) of population aged 18 years and older who reported high community belonging,all adults,Canada,12301,8326,63.7,62.4,64.9,Wald,C,
2020 SCMH,High community belonging,Percentage (%) of population aged 18 years and older who reported high community belonging,all adults,British Columbia,1142,727,61.9,58.5,65.2,Wald,C,not significantly different
2020 SCMH,High community belonging,Percentage (%) of population aged 18 years and older who reported high community belonging,all adults,Alberta,1088,659,59.8,56.5,63.1,Wald,C,not significantly different
2020 SCMH,High community belonging,Percentage (%) of population aged 18 years and older who reported high community belonging,all adults,Saskatchewan,900,628,70.9,67.3,74.5,Wald,C,significantly higher
2020 SCMH,High community belonging,Percentage (%) of population aged 18 years and older who reported high community belonging,all adults,Manitoba,980,603,60.1,56.5,63.6,Wald,C,not significantly different
2020 SCMH,High community belonging,Percentage (%) of population aged 18 years and older who reported high community belonging,all adults,Ontario,1974,1268,63.3,60.8,65.8,Wald,C,not significantly different
2020 SCMH,High community belonging,Percentage (%) of population aged 18 years and older who reported high community belonging,all adults,Quebec,1699,1120,65.0,62.3,67.6,Wald,C,not significantly different
2020 SCMH,High community belonging,Percentage (%) of population aged 18 years and older who reported high community belonging,all adults,New Brunswick,877,630,70.0,66.4,73.6,Wald,C,significantly higher
2020 SCMH,High community belonging,Percentage (%) of population aged 18 years and older who reported high community belonging,all adults,Nova Scotia,964,662,68.3,64.7,71.9,Wald,C,not significantly different
2020 SCMH,High community belonging,Percentage (%) of population aged 18 years and older who reported high community belonging,all adults,Prince Edward Island,823,615,72.1,68.4,75.8,Wald,C,significantly higher
2020 SCMH,High community belonging,Percentage (%) of population aged 18 years and older who reported high community belonging,all adults,Newfoundland And Labrador,839,646,74.2,70.6,77.7,Wald,C,significantly higher
2020 SCMH,High community belonging,Percentage (%) of population aged 18 years and older who reported high community belonging,all adults,Yukon (Whitehorse),418,302,72.4,67.5,77.2,Wald,C,significantly higher
2020 SCMH,High community belonging,Percentage (%) of population aged 18 years and older who reported high community belonging,all adults,Northwest Territories (Yellowknife),366,282,74.8,69.3,80.2,Wald,C,significantly higher
2020 SCMH,High community belonging,Percentage (%) of population aged 18 years and older who reported high community belonging,all adults,Nunavut (Iqaluit),231,184,76.5,68.8,84.1,Wald,C,significantly higher
2020 SCMH,High community belonging,Percentage (%) of population aged 18 years and older who reported high community belonging,females,Canada,7032,4741,63.6,61.9,65.3,Wald,C,
2020 SCMH,High community belonging,Percentage (%) of population aged 18 years and older who reported high community belonging,females,British Columbia,636,411,63.0,58.6,67.3,Wald,C,not significantly different
2020 SCMH,High community belonging,Percentage (%) of population aged 18 years and older who reported high community belonging,females,Alberta,593,357,60.5,56.1,64.9,Wald,C,not significantly different
2020 SCMH,High community belonging,Percentage (%) of population aged 18 years and older who reported high community belonging,females,Saskatchewan,533,365,68.5,64.1,72.9,Wald,C,not significantly different
2020 SCMH,High community belonging,Percentage (%) of population aged 18 years and older who reported high community belonging,females,Manitoba,555,337,59.8,54.9,64.7,Wald,C,not significantly different
2020 SCMH,High community belonging,Percentage (%) of population aged 18 years and older who reported high community belonging,females,Ontario,1099,706,62.5,59.2,65.9,Wald,C,not significantly different
2020 SCMH,High community belonging,Percentage (%) of population aged 18 years and older who reported high community belonging,females,Quebec,961,642,65.6,62.3,69.0,Wald,C,not significantly different
2020 SCMH,High community belonging,Percentage (%) of population aged 18 years and older who reported high community belonging,females,New Brunswick,513,362,69.0,64.3,73.6,Wald,C,not significantly different
2020 SCMH,High community belonging,Percentage (%) of population aged 18 years and older who reported high community belonging,females,Nova Scotia,592,401,68.2,64.0,72.4,Wald,C,not significantly different
2020 SCMH,High community belonging,Percentage (%) of population aged 18 years and older who reported high community belonging,females,Prince Edward Island,504,364,68.6,64.0,73.3,Wald,C,not significantly different
2020 SCMH,High community belonging,Percentage (%) of population aged 18 years and older who reported high community belonging,females,Newfoundland And Labrador,471,356,73.3,68.8,77.9,Wald,C,significantly higher
2020 SCMH,High community belonging,Percentage (%) of population aged 18 years and older who reported high community belonging,females,Yukon (Whitehorse),253,179,69.1,62.3,75.8,Wald,C,not significantly different
2020 SCMH,High community belonging,Percentage (%) of population aged 18 years and older who reported high community belonging,females,Northwest Territories (Yellowknife),196,158,77.7,70.6,84.7,Wald,C,significantly higher
2020 SCMH,High community belonging,Percentage (%) of population aged 18 years and older who reported high community belonging,females,Nunavut (Iqaluit),126,103,74.8,62.4,87.3,Wald,C,not significantly different
2020 SCMH,High community belonging,Percentage (%) of population aged 18 years and older who reported high community belonging,males,Canada,5243,3573,63.8,61.9,65.7,Wald,C,
2020 SCMH,High community belonging,Percentage (%) of population aged 18 years and older who reported high community belonging,males,British Columbia,503,313,60.5,55.4,65.5,Wald,C,not significantly different
2020 SCMH,High community belonging,Percentage (%) of population aged 18 years and older who reported high community belonging,males,Alberta,493,301,59.2,54.3,64.1,Wald,C,not significantly different
2020 SCMH,High community belonging,Percentage (%) of population aged 18 years and older who reported high community belonging,males,Saskatchewan,364,262,73.5,68.0,79.1,Wald,C,significantly higher
2020 SCMH,High community belonging,Percentage (%) of population aged 18 years and older who reported high community belonging,males,Manitoba,421,265,61.0,55.5,66.4,Wald,C,not significantly different
2020 SCMH,High community belonging,Percentage (%) of population aged 18 years and older who reported high community belonging,males,Ontario,871,560,64.1,60.5,67.8,Wald,C,not significantly different
2020 SCMH,High community belonging,Percentage (%) of population aged 18 years and older who reported high community belonging,males,Quebec,734,476,64.4,60.3,68.5,Wald,C,not significantly different
2020 SCMH,High community belonging,Percentage (%) of population aged 18 years and older who reported high community belonging,males,New Brunswick,364,268,71.1,65.4,76.8,Wald,C,not significantly different
2020 SCMH,High community belonging,Percentage (%) of population aged 18 years and older who reported high community belonging,males,Nova Scotia,371,261,68.5,62.5,74.5,Wald,C,not significantly different
2020 SCMH,High community belonging,Percentage (%) of population aged 18 years and older who reported high community belonging,males,Prince Edward Island,318,251,75.8,70.1,81.5,Wald,C,significantly higher
2020 SCMH,High community belonging,Percentage (%) of population aged 18 years and older who reported high community belonging,males,Newfoundland And Labrador,367,290,75.3,69.8,80.8,Wald,C,significantly higher
2020 SCMH,High community belonging,Percentage (%) of population aged 18 years and older who reported high community belonging,males,Yukon (Whitehorse),162,121,75.6,68.7,82.6,Wald,C,significantly higher
2020 SCMH,High community belonging,Percentage (%) of population aged 18 years and older who reported high community belonging,males,Northwest Territories (Yellowknife),170,124,71.9,63.6,80.2,Wald,C,not significantly different
2020 SCMH,High community belonging,Percentage (%) of population aged 18 years and older who reported high community belonging,males,Nunavut (Iqaluit),105,81,78.4,69.6,87.3,Wald,C,significantly higher
2021 SCMH,High community belonging,Percentage (%) of population aged 18 years and older who reported high community belonging,all adults,Canada,6580,4128,57.3,55.6,59.1,Wald,C,
2021 SCMH,High community belonging,Percentage (%) of population aged 18 years and older who reported high community belonging,all adults,British Columbia,577,330,53.5,48.9,58.2,Wald,C,not significantly different
2021 SCMH,High community belonging,Percentage (%) of population aged 18 years and older who reported high community belonging,all adults,Alberta,553,314,56.4,51.6,61.1,Wald,C,not significantly different
2021 SCMH,High community belonging,Percentage (%) of population aged 18 years and older who reported high community belonging,all adults,Saskatchewan,471,274,60.9,55.7,66.0,Wald,C,not significantly different
2021 SCMH,High community belonging,Percentage (%) of population aged 18 years and older who reported high community belonging,all adults,Manitoba,502,292,57.6,52.4,62.8,Wald,C,not significantly different
2021 SCMH,High community belonging,Percentage (%) of population aged 18 years and older who reported high community belonging,all adults,Ontario,1005,556,54.9,51.4,58.4,Wald,C,not significantly different
2021 SCMH,High community belonging,Percentage (%) of population aged 18 years and older who reported high community belonging,all adults,Quebec,917,568,61.1,57.7,64.4,Wald,C,not significantly different
2021 SCMH,High community belonging,Percentage (%) of population aged 18 years and older who reported high community belonging,all adults,New Brunswick,467,305,66.1,61.0,71.2,Wald,C,significantly higher
2021 SCMH,High community belonging,Percentage (%) of population aged 18 years and older who reported high community belonging,all adults,Nova Scotia,489,345,66.0,60.8,71.3,Wald,C,significantly higher
2021 SCMH,High community belonging,Percentage (%) of population aged 18 years and older who reported high community belonging,all adults,Prince Edward Island,363,264,71.5,66.0,77.0,Wald,C,significantly higher
2021 SCMH,High community belonging,Percentage (%) of population aged 18 years and older who reported high community belonging,all adults,Newfoundland And Labrador,386,264,68.4,62.8,74.0,Wald,C,significantly higher
2021 SCMH,High community belonging,Percentage (%) of population aged 18 years and older who reported high community belonging,all adults,Yukon (Whitehorse),355,249,69.5,63.3,75.6,Wald,C,significantly higher
2021 SCMH,High community belonging,Percentage (%) of population aged 18 years and older who reported high community belonging,all adults,Northwest Territories (Yellowknife),346,260,75.6,70.1,81.1,Wald,C,significantly higher
2021 SCMH,High community belonging,Percentage (%) of population aged 18 years and older who reported high community belonging,all adults,Nunavut (Iqaluit),149,107,69.7,61.1,78.3,Wald,C,significantly higher
2021 SCMH,High community belonging,Percentage (%) of population aged 18 years and older who reported high community belonging,females,Canada,3747,2284,56.7,54.3,59.1,Wald,C,
2021 SCMH,High community belonging,Percentage (%) of population aged 18 years and older who reported high community belonging,females,British Columbia,321,185,56.1,49.9,62.2,Wald,C,not significantly different
2021 SCMH,High community belonging,Percentage (%) of population aged 18 years and older who reported high community belonging,females,Alberta,310,167,55.5,49.5,61.4,Wald,C,not significantly different
2021 SCMH,High community belonging,Percentage (%) of population aged 18 years and older who reported high community belonging,females,Saskatchewan,283,158,58.5,51.3,65.8,Wald,C,not significantly different
2021 SCMH,High community belonging,Percentage (%) of population aged 18 years and older who reported high community belonging,females,Manitoba,280,168,61.4,54.7,68.1,Wald,C,not significantly different
2021 SCMH,High community belonging,Percentage (%) of population aged 18 years and older who reported high community belonging,females,Ontario,553,299,53.9,49.3,58.6,Wald,C,not significantly different
2021 SCMH,High community belonging,Percentage (%) of population aged 18 years and older who reported high community belonging,females,Quebec,523,309,59.5,54.8,64.2,Wald,C,not significantly different
2021 SCMH,High community belonging,Percentage (%) of population aged 18 years and older who reported high community belonging,females,New Brunswick,279,168,60.9,54.3,67.5,Wald,C,not significantly different
2021 SCMH,High community belonging,Percentage (%) of population aged 18 years and older who reported high community belonging,females,Nova Scotia,284,196,63.2,56.2,70.1,Wald,C,not significantly different
2021 SCMH,High community belonging,Percentage (%) of population aged 18 years and older who reported high community belonging,females,Prince Edward Island,224,157,65.1,58.0,72.2,Wald,C,not significantly different
2021 SCMH,High community belonging,Percentage (%) of population aged 18 years and older who reported high community belonging,females,Newfoundland And Labrador,229,152,67.5,60.0,74.9,Wald,C,significantly higher
2021 SCMH,High community belonging,Percentage (%) of population aged 18 years and older who reported high community belonging,females,Yukon (Whitehorse),202,137,67.7,60.2,75.1,Wald,C,significantly higher
2021 SCMH,High community belonging,Percentage (%) of population aged 18 years and older who reported high community belonging,females,Northwest Territories (Yellowknife),178,131,75.4,67.7,83.1,Wald,C,significantly higher
2021 SCMH,High community belonging,Percentage (%) of population aged 18 years and older who reported high community belonging,females,Nunavut (Iqaluit),81,57,72.3,61.5,83.0,Wald,A,significantly higher
2021 SCMH,High community belonging,Percentage (%) of population aged 18 years and older who reported high community belonging,males,Canada,2823,1842,58.2,55.4,60.9,Wald,C,
2021 SCMH,High community belonging,Percentage (%) of population aged 18 years and older who reported high community belonging,males,British Columbia,255,145,51.1,44.0,58.1,Wald,C,not significantly different
2021 SCMH,High community belonging,Percentage (%) of population aged 18 years and older who reported high community belonging,males,Alberta,241,147,57.6,49.7,65.6,Wald,C,not significantly different
2021 SCMH,High community belonging,Percentage (%) of population aged 18 years and older who reported high community belonging,males,Saskatchewan,188,116,63.2,55.4,71.0,Wald,C,not significantly different
2021 SCMH,High community belonging,Percentage (%) of population aged 18 years and older who reported high community belonging,males,Manitoba,222,124,53.7,45.7,61.7,Wald,C,not significantly different
2021 SCMH,High community belonging,Percentage (%) of population aged 18 years and older who reported high community belonging,males,Ontario,449,256,56.1,50.7,61.5,Wald,C,not significantly different
2021 SCMH,High community belonging,Percentage (%) of population aged 18 years and older who reported high community belonging,males,Quebec,394,259,62.6,57.5,67.8,Wald,C,not significantly different
2021 SCMH,High community belonging,Percentage (%) of population aged 18 years and older who reported high community belonging,males,New Brunswick,187,137,71.8,64.0,79.6,Wald,C,significantly higher
2021 SCMH,High community belonging,Percentage (%) of population aged 18 years and older who reported high community belonging,males,Nova Scotia,205,149,69.0,60.9,77.2,Wald,C,not significantly different
2021 SCMH,High community belonging,Percentage (%) of population aged 18 years and older who reported high community belonging,males,Prince Edward Island,139,107,78.1,69.3,86.9,Wald,C,significantly higher
2021 SCMH,High community belonging,Percentage (%) of population aged 18 years and older who reported high community belonging,males,Newfoundland And Labrador,157,112,69.4,61.1,77.6,Wald,C,significantly higher
2021 SCMH,High community belonging,Percentage (%) of population aged 18 years and older who reported high community belonging,males,Yukon (Whitehorse),151,111,71.3,61.6,81.0,Wald,C,significantly higher
2021 SCMH,High community belonging,Percentage (%) of population aged 18 years and older who reported high community belonging,males,Northwest Territories (Yellowknife),167,129,76.1,68.1,84.2,Wald,C,significantly higher
2021 SCMH,High community belonging,Percentage (%) of population aged 18 years and older who reported high community belonging,males,Nunavut (Iqaluit),68,50,67.2,53.4,80.9,Wald,A,not significantly different
2020 and 2021 SCMH (combined),High community belonging,Percentage (%) of population aged 18 years and older who reported high community belonging,all adults,Canada,18881,12454,60.5,59.4,61.6,Wald,C,
2020 and 2021 SCMH (combined),High community belonging,Percentage (%) of population aged 18 years and older who reported high community belonging,all adults,British Columbia,1719,1057,57.6,54.7,60.5,Wald,C,not significantly different
2020 and 2021 SCMH (combined),High community belonging,Percentage (%) of population aged 18 years and older who reported high community belonging,all adults,Alberta,1641,973,58.1,55.3,60.9,Wald,C,not significantly different
2020 and 2021 SCMH (combined),High community belonging,Percentage (%) of population aged 18 years and older who reported high community belonging,all adults,Saskatchewan,1371,902,65.9,62.7,69.1,Wald,C,significantly higher
2020 and 2021 SCMH (combined),High community belonging,Percentage (%) of population aged 18 years and older who reported high community belonging,all adults,Manitoba,1482,895,58.8,55.7,62.0,Wald,C,not significantly different
2020 and 2021 SCMH (combined),High community belonging,Percentage (%) of population aged 18 years and older who reported high community belonging,all adults,Ontario,2979,1824,59.1,56.9,61.2,Wald,C,not significantly different
2020 and 2021 SCMH (combined),High community belonging,Percentage (%) of population aged 18 years and older who reported high community belonging,all adults,Quebec,2616,1688,63.0,60.8,65.2,Wald,C,not significantly different
2020 and 2021 SCMH (combined),High community belonging,Percentage (%) of population aged 18 years and older who reported high community belonging,all adults,New Brunswick,1344,935,68.0,64.9,71.2,Wald,C,significantly higher
2020 and 2021 SCMH (combined),High community belonging,Percentage (%) of population aged 18 years and older who reported high community belonging,all adults,Nova Scotia,1453,1007,67.2,64.0,70.4,Wald,C,significantly higher
2020 and 2021 SCMH (combined),High community belonging,Percentage (%) of population aged 18 years and older who reported high community belonging,all adults,Prince Edward Island,1186,879,71.8,68.5,75.1,Wald,C,significantly higher
2020 and 2021 SCMH (combined),High community belonging,Percentage (%) of population aged 18 years and older who reported high community belonging,all adults,Newfoundland And Labrador,1225,910,71.3,67.9,74.6,Wald,C,significantly higher
2020 and 2021 SCMH (combined),High community belonging,Percentage (%) of population aged 18 years and older who reported high community belonging,all adults,Yukon (Whitehorse),773,551,70.9,67.0,74.7,Wald,C,significantly higher
2020 and 2021 SCMH (combined),High community belonging,Percentage (%) of population aged 18 years and older who reported high community belonging,all adults,Northwest Territories (Yellowknife),712,542,75.2,71.3,79.1,Wald,C,significantly higher
2020 and 2021 SCMH (combined),High community belonging,Percentage (%) of population aged 18 years and older who reported high community belonging,all adults,Nunavut (Iqaluit),380,291,73.2,67.4,79.0,Wald,C,significantly higher
2020 and 2021 SCMH (combined),High community belonging,Percentage (%) of population aged 18 years and older who reported high community belonging,females,Canada,10779,7025,60.2,58.7,61.6,Wald,C,
2020 and 2021 SCMH (combined),High community belonging,Percentage (%) of population aged 18 years and older who reported high community belonging,females,British Columbia,957,596,59.4,55.7,63.1,Wald,C,not significantly different
2020 and 2021 SCMH (combined),High community belonging,Percentage (%) of population aged 18 years and older who reported high community belonging,females,Alberta,903,524,58.0,54.3,61.7,Wald,C,not significantly different
2020 and 2021 SCMH (combined),High community belonging,Percentage (%) of population aged 18 years and older who reported high community belonging,females,Saskatchewan,816,523,63.5,59.2,67.8,Wald,C,not significantly different
2020 and 2021 SCMH (combined),High community belonging,Percentage (%) of population aged 18 years and older who reported high community belonging,females,Manitoba,835,505,60.6,56.5,64.7,Wald,C,not significantly different
2020 and 2021 SCMH (combined),High community belonging,Percentage (%) of population aged 18 years and older who reported high community belonging,females,Ontario,1652,1005,58.3,55.4,61.1,Wald,C,not significantly different
2020 and 2021 SCMH (combined),High community belonging,Percentage (%) of population aged 18 years and older who reported high community belonging,females,Quebec,1484,951,62.6,59.7,65.5,Wald,C,not significantly different
2020 and 2021 SCMH (combined),High community belonging,Percentage (%) of population aged 18 years and older who reported high community belonging,females,New Brunswick,792,530,64.9,60.9,68.9,Wald,C,not significantly different
2020 and 2021 SCMH (combined),High community belonging,Percentage (%) of population aged 18 years and older who reported high community belonging,females,Nova Scotia,876,597,65.7,61.7,69.7,Wald,C,significantly higher
2020 and 2021 SCMH (combined),High community belonging,Percentage (%) of population aged 18 years and older who reported high community belonging,females,Prince Edward Island,728,521,66.8,62.5,71.1,Wald,C,significantly higher
2020 and 2021 SCMH (combined),High community belonging,Percentage (%) of population aged 18 years and older who reported high community belonging,females,Newfoundland And Labrador,700,508,70.4,65.9,74.8,Wald,C,significantly higher
2020 and 2021 SCMH (combined),High community belonging,Percentage (%) of population aged 18 years and older who reported high community belonging,females,Yukon (Whitehorse),455,316,68.4,63.4,73.3,Wald,C,significantly higher
2020 and 2021 SCMH (combined),High community belonging,Percentage (%) of population aged 18 years and older who reported high community belonging,females,Northwest Territories (Yellowknife),374,289,76.5,71.4,81.6,Wald,C,significantly higher
2020 and 2021 SCMH (combined),High community belonging,Percentage (%) of population aged 18 years and older who reported high community belonging,females,Nunavut (Iqaluit),207,160,73.6,65.4,81.8,Wald,C,significantly higher
2020 and 2021 SCMH (combined),High community belonging,Percentage (%) of population aged 18 years and older who reported high community belonging,males,Canada,8066,5415,61.0,59.3,62.7,Wald,C,
2020 and 2021 SCMH (combined),High community belonging,Percentage (%) of population aged 18 years and older who reported high community belonging,males,British Columbia,758,458,55.7,51.3,60.1,Wald,C,not significantly different
2020 and 2021 SCMH (combined),High community belonging,Percentage (%) of population aged 18 years and older who reported high community belonging,males,Alberta,734,448,58.4,53.8,63.0,Wald,C,not significantly different
2020 and 2021 SCMH (combined),High community belonging,Percentage (%) of population aged 18 years and older who reported high community belonging,males,Saskatchewan,552,378,68.4,63.6,73.2,Wald,C,significantly higher
2020 and 2021 SCMH (combined),High community belonging,Percentage (%) of population aged 18 years and older who reported high community belonging,males,Manitoba,643,389,57.3,52.4,62.1,Wald,C,not significantly different
2020 and 2021 SCMH (combined),High community belonging,Percentage (%) of population aged 18 years and older who reported high community belonging,males,Ontario,1320,816,60.1,56.8,63.4,Wald,C,not significantly different
2020 and 2021 SCMH (combined),High community belonging,Percentage (%) of population aged 18 years and older who reported high community belonging,males,Quebec,1128,735,63.5,60.2,66.8,Wald,C,not significantly different
2020 and 2021 SCMH (combined),High community belonging,Percentage (%) of population aged 18 years and older who reported high community belonging,males,New Brunswick,551,405,71.5,66.6,76.3,Wald,C,significantly higher
2020 and 2021 SCMH (combined),High community belonging,Percentage (%) of population aged 18 years and older who reported high community belonging,males,Nova Scotia,576,410,68.8,63.6,73.9,Wald,C,significantly higher
2020 and 2021 SCMH (combined),High community belonging,Percentage (%) of population aged 18 years and older who reported high community belonging,males,Prince Edward Island,457,358,77.0,71.7,82.2,Wald,C,significantly higher
2020 and 2021 SCMH (combined),High community belonging,Percentage (%) of population aged 18 years and older who reported high community belonging,males,Newfoundland And Labrador,524,402,72.3,67.3,77.3,Wald,C,significantly higher
2020 and 2021 SCMH (combined),High community belonging,Percentage (%) of population aged 18 years and older who reported high community belonging,males,Yukon (Whitehorse),313,232,73.4,67.5,79.3,Wald,C,significantly higher
2020 and 2021 SCMH (combined),High community belonging,Percentage (%) of population aged 18 years and older who reported high community belonging,males,Northwest Territories (Yellowknife),337,253,74.1,68.2,79.9,Wald,C,significantly higher
2020 and 2021 SCMH (combined),High community belonging,Percentage (%) of population aged 18 years and older who reported high community belonging,males,Nunavut (Iqaluit),173,131,72.7,64.4,81.0,Wald,C,significantly higher
2020 SCMH,Stable or improved mental health,Percentage (%) of population aged 18 years and older who reported stable or improved mental health,all adults,Canada,12332,8415,66.5,65.2,67.8,Wald,C,
2020 SCMH,Stable or improved mental health,Percentage (%) of population aged 18 years and older who reported stable or improved mental health,all adults,British Columbia,1147,742,62.7,59.3,66.1,Wald,C,not significantly different
2020 SCMH,Stable or improved mental health,Percentage (%) of population aged 18 years and older who reported stable or improved mental health,all adults,Alberta,1093,688,62.3,59.0,65.6,Wald,C,not significantly different
2020 SCMH,Stable or improved mental health,Percentage (%) of population aged 18 years and older who reported stable or improved mental health,all adults,Saskatchewan,902,630,69.0,65.4,72.6,Wald,C,not significantly different
2020 SCMH,Stable or improved mental health,Percentage (%) of population aged 18 years and older who reported stable or improved mental health,all adults,Manitoba,982,608,60.6,57.2,63.9,Wald,C,significantly lower
2020 SCMH,Stable or improved mental health,Percentage (%) of population aged 18 years and older who reported stable or improved mental health,all adults,Ontario,1976,1318,66.5,64.1,68.9,Wald,C,not significantly different
2020 SCMH,Stable or improved mental health,Percentage (%) of population aged 18 years and older who reported stable or improved mental health,all adults,Quebec,1703,1204,70.2,67.7,72.7,Wald,C,not significantly different
2020 SCMH,Stable or improved mental health,Percentage (%) of population aged 18 years and older who reported stable or improved mental health,all adults,New Brunswick,879,618,68.1,64.4,71.8,Wald,C,not significantly different
2020 SCMH,Stable or improved mental health,Percentage (%) of population aged 18 years and older who reported stable or improved mental health,all adults,Nova Scotia,966,693,70.3,66.8,73.7,Wald,C,not significantly different
2020 SCMH,Stable or improved mental health,Percentage (%) of population aged 18 years and older who reported stable or improved mental health,all adults,Prince Edward Island,825,619,74.1,70.5,77.7,Wald,C,significantly higher
2020 SCMH,Stable or improved mental health,Percentage (%) of population aged 18 years and older who reported stable or improved mental health,all adults,Newfoundland And Labrador,841,638,74.9,71.4,78.3,Wald,C,significantly higher
2020 SCMH,Stable or improved mental health,Percentage (%) of population aged 18 years and older who reported stable or improved mental health,all adults,Yukon (Whitehorse),419,261,62.7,57.3,68.1,Wald,C,not significantly different
2020 SCMH,Stable or improved mental health,Percentage (%) of population aged 18 years and older who reported stable or improved mental health,all adults,Northwest Territories (Yellowknife),366,246,68.4,62.5,74.3,Wald,C,not significantly different
2020 SCMH,Stable or improved mental health,Percentage (%) of population aged 18 years and older who reported stable or improved mental health,all adults,Nunavut (Iqaluit),233,150,65.6,57.7,73.4,Wald,C,not significantly different
2020 SCMH,Stable or improved mental health,Percentage (%) of population aged 18 years and older who reported stable or improved mental health,females,Canada,7056,4550,62.3,60.5,64.0,Wald,C,
2020 SCMH,Stable or improved mental health,Percentage (%) of population aged 18 years and older who reported stable or improved mental health,females,British Columbia,640,383,58.0,53.8,62.1,Wald,C,not significantly different
2020 SCMH,Stable or improved mental health,Percentage (%) of population aged 18 years and older who reported stable or improved mental health,females,Alberta,597,339,54.8,50.4,59.2,Wald,C,significantly lower
2020 SCMH,Stable or improved mental health,Percentage (%) of population aged 18 years and older who reported stable or improved mental health,females,Saskatchewan,534,348,63.5,58.7,68.3,Wald,C,not significantly different
2020 SCMH,Stable or improved mental health,Percentage (%) of population aged 18 years and older who reported stable or improved mental health,females,Manitoba,555,318,54.7,49.9,59.6,Wald,C,significantly lower
2020 SCMH,Stable or improved mental health,Percentage (%) of population aged 18 years and older who reported stable or improved mental health,females,Ontario,1102,690,61.8,58.5,65.1,Wald,C,not significantly different
2020 SCMH,Stable or improved mental health,Percentage (%) of population aged 18 years and older who reported stable or improved mental health,females,Quebec,964,667,69.2,66.1,72.4,Wald,C,significantly higher
2020 SCMH,Stable or improved mental health,Percentage (%) of population aged 18 years and older who reported stable or improved mental health,females,New Brunswick,514,342,64.9,60.0,69.8,Wald,C,not significantly different
2020 SCMH,Stable or improved mental health,Percentage (%) of population aged 18 years and older who reported stable or improved mental health,females,Nova Scotia,594,393,62.6,58.3,66.9,Wald,C,not significantly different
2020 SCMH,Stable or improved mental health,Percentage (%) of population aged 18 years and older who reported stable or improved mental health,females,Prince Edward Island,506,366,71.1,66.6,75.7,Wald,C,significantly higher
2020 SCMH,Stable or improved mental health,Percentage (%) of population aged 18 years and older who reported stable or improved mental health,females,Newfoundland And Labrador,473,355,73.5,68.7,78.4,Wald,C,significantly higher
2020 SCMH,Stable or improved mental health,Percentage (%) of population aged 18 years and older who reported stable or improved mental health,females,Yukon (Whitehorse),254,137,51.5,44.5,58.6,Wald,C,significantly lower
2020 SCMH,Stable or improved mental health,Percentage (%) of population aged 18 years and older who reported stable or improved mental health,females,Northwest Territories (Yellowknife),196,130,68.2,60.7,75.7,Wald,C,not significantly different
2020 SCMH,Stable or improved mental health,Percentage (%) of population aged 18 years and older who reported stable or improved mental health,females,Nunavut (Iqaluit),127,82,66.8,55.2,78.4,Wald,C,not significantly different
2020 SCMH,Stable or improved mental health,Percentage (%) of population aged 18 years and older who reported stable or improved mental health,males,Canada,5250,3855,71.0,69.0,72.9,Wald,C,
2020 SCMH,Stable or improved mental health,Percentage (%) of population aged 18 years and older who reported stable or improved mental health,males,British Columbia,504,357,67.5,62.2,72.8,Wald,C,not significantly different
2020 SCMH,Stable or improved mental health,Percentage (%) of population aged 18 years and older who reported stable or improved mental health,males,Alberta,494,349,70.1,65.1,75.1,Wald,C,not significantly different
2020 SCMH,Stable or improved mental health,Percentage (%) of population aged 18 years and older who reported stable or improved mental health,males,Saskatchewan,365,282,74.8,69.4,80.3,Wald,C,not significantly different
2020 SCMH,Stable or improved mental health,Percentage (%) of population aged 18 years and older who reported stable or improved mental health,males,Manitoba,423,290,67.7,62.6,72.8,Wald,C,not significantly different
2020 SCMH,Stable or improved mental health,Percentage (%) of population aged 18 years and older who reported stable or improved mental health,males,Ontario,870,625,71.3,67.7,74.9,Wald,C,not significantly different
2020 SCMH,Stable or improved mental health,Percentage (%) of population aged 18 years and older who reported stable or improved mental health,males,Quebec,735,535,71.4,67.5,75.3,Wald,C,not significantly different
2020 SCMH,Stable or improved mental health,Percentage (%) of population aged 18 years and older who reported stable or improved mental health,males,New Brunswick,365,276,71.4,65.8,77.0,Wald,C,not significantly different
2020 SCMH,Stable or improved mental health,Percentage (%) of population aged 18 years and older who reported stable or improved mental health,males,Nova Scotia,371,299,78.4,73.1,83.8,Wald,C,significantly higher
2020 SCMH,Stable or improved mental health,Percentage (%) of population aged 18 years and older who reported stable or improved mental health,males,Prince Edward Island,318,252,77.2,71.6,82.7,Wald,C,not significantly different
2020 SCMH,Stable or improved mental health,Percentage (%) of population aged 18 years and older who reported stable or improved mental health,males,Newfoundland And Labrador,367,283,76.5,71.5,81.5,Wald,C,not significantly different
2020 SCMH,Stable or improved mental health,Percentage (%) of population aged 18 years and older who reported stable or improved mental health,males,Yukon (Whitehorse),162,123,74.8,66.8,82.8,Wald,C,not significantly different
2020 SCMH,Stable or improved mental health,Percentage (%) of population aged 18 years and older who reported stable or improved mental health,males,Northwest Territories (Yellowknife),170,116,68.6,59.8,77.5,Wald,C,not significantly different
2020 SCMH,Stable or improved mental health,Percentage (%) of population aged 18 years and older who reported stable or improved mental health,males,Nunavut (Iqaluit),106,68,64.1,54.5,73.7,Wald,C,not significantly different
2021 SCMH,Stable or improved mental health,Percentage (%) of population aged 18 years and older who reported stable or improved mental health,all adults,Canada,6589,4079,58.1,56.3,59.9,Wald,C,
2021 SCMH,Stable or improved mental health,Percentage (%) of population aged 18 years and older who reported stable or improved mental health,all adults,British Columbia,577,349,57.1,52.5,61.8,Wald,C,not significantly different
2021 SCMH,Stable or improved mental health,Percentage (%) of population aged 18 years and older who reported stable or improved mental health,all adults,Alberta,556,294,51.4,46.5,56.3,Wald,C,not significantly different
2021 SCMH,Stable or improved mental health,Percentage (%) of population aged 18 years and older who reported stable or improved mental health,all adults,Saskatchewan,471,273,59.1,53.9,64.3,Wald,C,not significantly different
2021 SCMH,Stable or improved mental health,Percentage (%) of population aged 18 years and older who reported stable or improved mental health,all adults,Manitoba,503,303,59.3,54.4,64.3,Wald,C,not significantly different
2021 SCMH,Stable or improved mental health,Percentage (%) of population aged 18 years and older who reported stable or improved mental health,all adults,Ontario,1006,581,56.3,52.8,59.8,Wald,C,not significantly different
2021 SCMH,Stable or improved mental health,Percentage (%) of population aged 18 years and older who reported stable or improved mental health,all adults,Quebec,918,587,62.2,58.8,65.7,Wald,C,not significantly different
2021 SCMH,Stable or improved mental health,Percentage (%) of population aged 18 years and older who reported stable or improved mental health,all adults,New Brunswick,467,291,59.6,54.1,65.2,Wald,C,not significantly different
2021 SCMH,Stable or improved mental health,Percentage (%) of population aged 18 years and older who reported stable or improved mental health,all adults,Nova Scotia,491,343,69.5,64.8,74.1,Wald,C,significantly higher
2021 SCMH,Stable or improved mental health,Percentage (%) of population aged 18 years and older who reported stable or improved mental health,all adults,Prince Edward Island,364,258,72.8,67.7,78.0,Wald,C,significantly higher
2021 SCMH,Stable or improved mental health,Percentage (%) of population aged 18 years and older who reported stable or improved mental health,all adults,Newfoundland And Labrador,386,266,67.0,61.5,72.4,Wald,C,significantly higher
2021 SCMH,Stable or improved mental health,Percentage (%) of population aged 18 years and older who reported stable or improved mental health,all adults,Yukon (Whitehorse),355,226,64.3,58.1,70.5,Wald,C,not significantly different
2021 SCMH,Stable or improved mental health,Percentage (%) of population aged 18 years and older who reported stable or improved mental health,all adults,Northwest Territories (Yellowknife),346,211,61.3,54.9,67.6,Wald,C,not significantly different
2021 SCMH,Stable or improved mental health,Percentage (%) of population aged 18 years and older who reported stable or improved mental health,all adults,Nunavut (Iqaluit),149,97,64.8,56.0,73.6,Wald,C,not significantly different
2021 SCMH,Stable or improved mental health,Percentage (%) of population aged 18 years and older who reported stable or improved mental health,females,Canada,3753,2189,55.3,53.0,57.6,Wald,C,
2021 SCMH,Stable or improved mental health,Percentage (%) of population aged 18 years and older who reported stable or improved mental health,females,British Columbia,321,184,53.6,47.3,59.9,Wald,C,not significantly different
2021 SCMH,Stable or improved mental health,Percentage (%) of population aged 18 years and older who reported stable or improved mental health,females,Alberta,312,158,50.4,44.3,56.6,Wald,C,not significantly different
2021 SCMH,Stable or improved mental health,Percentage (%) of population aged 18 years and older who reported stable or improved mental health,females,Saskatchewan,283,148,52.5,45.4,59.6,Wald,C,not significantly different
2021 SCMH,Stable or improved mental health,Percentage (%) of population aged 18 years and older who reported stable or improved mental health,females,Manitoba,281,152,50.9,44.6,57.2,Wald,C,not significantly different
2021 SCMH,Stable or improved mental health,Percentage (%) of population aged 18 years and older who reported stable or improved mental health,females,Ontario,553,302,53.3,48.7,57.8,Wald,C,not significantly different
2021 SCMH,Stable or improved mental health,Percentage (%) of population aged 18 years and older who reported stable or improved mental health,females,Quebec,522,319,61.2,56.7,65.6,Wald,C,not significantly different
2021 SCMH,Stable or improved mental health,Percentage (%) of population aged 18 years and older who reported stable or improved mental health,females,New Brunswick,279,165,57.5,50.5,64.6,Wald,C,not significantly different
2021 SCMH,Stable or improved mental health,Percentage (%) of population aged 18 years and older who reported stable or improved mental health,females,Nova Scotia,286,194,65.4,58.7,72.0,Wald,C,significantly higher
2021 SCMH,Stable or improved mental health,Percentage (%) of population aged 18 years and older who reported stable or improved mental health,females,Prince Edward Island,225,148,65.4,58.2,72.6,Wald,C,significantly higher
2021 SCMH,Stable or improved mental health,Percentage (%) of population aged 18 years and older who reported stable or improved mental health,females,Newfoundland And Labrador,230,149,64.9,58.2,71.6,Wald,C,significantly higher
2021 SCMH,Stable or improved mental health,Percentage (%) of population aged 18 years and older who reported stable or improved mental health,females,Yukon (Whitehorse),202,125,64.8,57.4,72.1,Wald,C,not significantly different
2021 SCMH,Stable or improved mental health,Percentage (%) of population aged 18 years and older who reported stable or improved mental health,females,Northwest Territories (Yellowknife),178,95,51.6,42.5,60.8,Wald,C,not significantly different
2021 SCMH,Stable or improved mental health,Percentage (%) of population aged 18 years and older who reported stable or improved mental health,females,Nunavut (Iqaluit),81,50,67.1,56.3,77.8,Wald,A,not significantly different
2021 SCMH,Stable or improved mental health,Percentage (%) of population aged 18 years and older who reported stable or improved mental health,males,Canada,2826,1887,61.1,58.2,63.9,Wald,C,
2021 SCMH,Stable or improved mental health,Percentage (%) of population aged 18 years and older who reported stable or improved mental health,males,British Columbia,255,165,61.1,54.0,68.1,Wald,C,not significantly different
2021 SCMH,Stable or improved mental health,Percentage (%) of population aged 18 years and older who reported stable or improved mental health,males,Alberta,242,135,52.3,44.8,59.9,Wald,C,not significantly different
2021 SCMH,Stable or improved mental health,Percentage (%) of population aged 18 years and older who reported stable or improved mental health,males,Saskatchewan,188,125,65.7,58.0,73.4,Wald,C,not significantly different
2021 SCMH,Stable or improved mental health,Percentage (%) of population aged 18 years and older who reported stable or improved mental health,males,Manitoba,222,151,67.9,60.7,75.1,Wald,C,not significantly different
2021 SCMH,Stable or improved mental health,Percentage (%) of population aged 18 years and older who reported stable or improved mental health,males,Ontario,450,279,59.9,54.5,65.3,Wald,C,not significantly different
2021 SCMH,Stable or improved mental health,Percentage (%) of population aged 18 years and older who reported stable or improved mental health,males,Quebec,396,268,63.3,57.9,68.8,Wald,C,not significantly different
2021 SCMH,Stable or improved mental health,Percentage (%) of population aged 18 years and older who reported stable or improved mental health,males,New Brunswick,187,125,61.6,53.2,69.9,Wald,C,not significantly different
2021 SCMH,Stable or improved mental health,Percentage (%) of population aged 18 years and older who reported stable or improved mental health,males,Nova Scotia,205,149,73.8,66.9,80.7,Wald,C,significantly higher
2021 SCMH,Stable or improved mental health,Percentage (%) of population aged 18 years and older who reported stable or improved mental health,males,Prince Edward Island,139,110,80.6,73.1,88.1,Wald,C,significantly higher
2021 SCMH,Stable or improved mental health,Percentage (%) of population aged 18 years and older who reported stable or improved mental health,males,Newfoundland And Labrador,156,117,69.1,60.3,77.8,Wald,C,not significantly different
2021 SCMH,Stable or improved mental health,Percentage (%) of population aged 18 years and older who reported stable or improved mental health,males,Yukon (Whitehorse),151,100,63.8,54.0,73.6,Wald,C,not significantly different
2021 SCMH,Stable or improved mental health,Percentage (%) of population aged 18 years and older who reported stable or improved mental health,males,Northwest Territories (Yellowknife),167,116,71.0,62.1,79.8,Wald,C,not significantly different
2021 SCMH,Stable or improved mental health,Percentage (%) of population aged 18 years and older who reported stable or improved mental health,males,Nunavut (Iqaluit),68,47,62.6,48.8,76.3,Wald,A,not significantly different
2020 and 2021 SCMH (combined),Stable or improved mental health,Percentage (%) of population aged 18 years and older who reported stable or improved mental health,all adults,Canada,18921,12494,62.3,61.1,63.4,Wald,C,
2020 and 2021 SCMH (combined),Stable or improved mental health,Percentage (%) of population aged 18 years and older who reported stable or improved mental health,all adults,British Columbia,1724,1091,59.9,57.0,62.8,Wald,C,not significantly different
2020 and 2021 SCMH (combined),Stable or improved mental health,Percentage (%) of population aged 18 years and older who reported stable or improved mental health,all adults,Alberta,1649,982,56.9,53.9,59.8,Wald,C,significantly lower
2020 and 2021 SCMH (combined),Stable or improved mental health,Percentage (%) of population aged 18 years and older who reported stable or improved mental health,all adults,Saskatchewan,1373,903,64.1,60.9,67.2,Wald,C,not significantly different
2020 and 2021 SCMH (combined),Stable or improved mental health,Percentage (%) of population aged 18 years and older who reported stable or improved mental health,all adults,Manitoba,1485,911,59.9,57.0,62.9,Wald,C,not significantly different
2020 and 2021 SCMH (combined),Stable or improved mental health,Percentage (%) of population aged 18 years and older who reported stable or improved mental health,all adults,Ontario,2982,1899,61.4,59.3,63.6,Wald,C,not significantly different
2020 and 2021 SCMH (combined),Stable or improved mental health,Percentage (%) of population aged 18 years and older who reported stable or improved mental health,all adults,Quebec,2621,1791,66.3,64.1,68.4,Wald,C,significantly higher
2020 and 2021 SCMH (combined),Stable or improved mental health,Percentage (%) of population aged 18 years and older who reported stable or improved mental health,all adults,New Brunswick,1346,909,63.8,60.4,67.2,Wald,C,not significantly different
2020 and 2021 SCMH (combined),Stable or improved mental health,Percentage (%) of population aged 18 years and older who reported stable or improved mental health,all adults,Nova Scotia,1457,1036,69.9,67.0,72.8,Wald,C,significantly higher
2020 and 2021 SCMH (combined),Stable or improved mental health,Percentage (%) of population aged 18 years and older who reported stable or improved mental health,all adults,Prince Edward Island,1189,877,73.5,70.3,76.7,Wald,C,significantly higher
2020 and 2021 SCMH (combined),Stable or improved mental health,Percentage (%) of population aged 18 years and older who reported stable or improved mental health,all adults,Newfoundland And Labrador,1227,904,70.9,67.6,74.2,Wald,C,significantly higher
2020 and 2021 SCMH (combined),Stable or improved mental health,Percentage (%) of population aged 18 years and older who reported stable or improved mental health,all adults,Yukon (Whitehorse),774,487,63.5,59.4,67.6,Wald,C,not significantly different
2020 and 2021 SCMH (combined),Stable or improved mental health,Percentage (%) of population aged 18 years and older who reported stable or improved mental health,all adults,Northwest Territories (Yellowknife),712,457,64.7,60.4,69.1,Wald,C,not significantly different
2020 and 2021 SCMH (combined),Stable or improved mental health,Percentage (%) of population aged 18 years and older who reported stable or improved mental health,all adults,Nunavut (Iqaluit),382,247,65.2,59.3,71.1,Wald,C,not significantly different
2020 and 2021 SCMH (combined),Stable or improved mental health,Percentage (%) of population aged 18 years and older who reported stable or improved mental health,females,Canada,10809,6739,58.8,57.4,60.2,Wald,C,
2020 and 2021 SCMH (combined),Stable or improved mental health,Percentage (%) of population aged 18 years and older who reported stable or improved mental health,females,British Columbia,961,567,55.7,52.0,59.5,Wald,C,not significantly different
2020 and 2021 SCMH (combined),Stable or improved mental health,Percentage (%) of population aged 18 years and older who reported stable or improved mental health,females,Alberta,909,497,52.6,48.9,56.4,Wald,C,significantly lower
2020 and 2021 SCMH (combined),Stable or improved mental health,Percentage (%) of population aged 18 years and older who reported stable or improved mental health,females,Saskatchewan,817,496,58.0,53.7,62.2,Wald,C,not significantly different
2020 and 2021 SCMH (combined),Stable or improved mental health,Percentage (%) of population aged 18 years and older who reported stable or improved mental health,females,Manitoba,836,470,52.8,48.9,56.7,Wald,C,significantly lower
2020 and 2021 SCMH (combined),Stable or improved mental health,Percentage (%) of population aged 18 years and older who reported stable or improved mental health,females,Ontario,1655,992,57.6,54.8,60.4,Wald,C,not significantly different
2020 and 2021 SCMH (combined),Stable or improved mental health,Percentage (%) of population aged 18 years and older who reported stable or improved mental health,females,Quebec,1486,986,65.2,62.5,67.9,Wald,C,significantly higher
2020 and 2021 SCMH (combined),Stable or improved mental health,Percentage (%) of population aged 18 years and older who reported stable or improved mental health,females,New Brunswick,793,507,61.2,56.9,65.5,Wald,C,not significantly different
2020 and 2021 SCMH (combined),Stable or improved mental health,Percentage (%) of population aged 18 years and older who reported stable or improved mental health,females,Nova Scotia,880,587,64.0,60.0,67.9,Wald,C,not significantly different
2020 and 2021 SCMH (combined),Stable or improved mental health,Percentage (%) of population aged 18 years and older who reported stable or improved mental health,females,Prince Edward Island,731,514,68.2,63.9,72.6,Wald,C,significantly higher
2020 and 2021 SCMH (combined),Stable or improved mental health,Percentage (%) of population aged 18 years and older who reported stable or improved mental health,females,Newfoundland And Labrador,703,504,69.2,65.0,73.4,Wald,C,significantly higher
2020 and 2021 SCMH (combined),Stable or improved mental health,Percentage (%) of population aged 18 years and older who reported stable or improved mental health,females,Yukon (Whitehorse),456,262,58.3,53.3,63.3,Wald,C,not significantly different
2020 and 2021 SCMH (combined),Stable or improved mental health,Percentage (%) of population aged 18 years and older who reported stable or improved mental health,females,Northwest Territories (Yellowknife),374,225,59.8,53.8,65.7,Wald,C,not significantly different
2020 and 2021 SCMH (combined),Stable or improved mental health,Percentage (%) of population aged 18 years and older who reported stable or improved mental health,females,Nunavut (Iqaluit),208,132,66.9,58.6,75.3,Wald,C,not significantly different
2020 and 2021 SCMH (combined),Stable or improved mental health,Percentage (%) of population aged 18 years and older who reported stable or improved mental health,males,Canada,8076,5742,66.0,64.3,67.7,Wald,C,
2020 and 2021 SCMH (combined),Stable or improved mental health,Percentage (%) of population aged 18 years and older who reported stable or improved mental health,males,British Columbia,759,522,64.2,59.7,68.7,Wald,C,not significantly different
2020 and 2021 SCMH (combined),Stable or improved mental health,Percentage (%) of population aged 18 years and older who reported stable or improved mental health,males,Alberta,736,484,61.3,56.8,65.9,Wald,C,not significantly different
2020 and 2021 SCMH (combined),Stable or improved mental health,Percentage (%) of population aged 18 years and older who reported stable or improved mental health,males,Saskatchewan,553,407,70.3,65.6,75.0,Wald,C,not significantly different
2020 and 2021 SCMH (combined),Stable or improved mental health,Percentage (%) of population aged 18 years and older who reported stable or improved mental health,males,Manitoba,645,441,67.8,63.3,72.3,Wald,C,not significantly different
2020 and 2021 SCMH (combined),Stable or improved mental health,Percentage (%) of population aged 18 years and older who reported stable or improved mental health,males,Ontario,1320,904,65.6,62.4,68.8,Wald,C,not significantly different
2020 and 2021 SCMH (combined),Stable or improved mental health,Percentage (%) of population aged 18 years and older who reported stable or improved mental health,males,Quebec,1131,803,67.4,64.1,70.7,Wald,C,not significantly different
2020 and 2021 SCMH (combined),Stable or improved mental health,Percentage (%) of population aged 18 years and older who reported stable or improved mental health,males,New Brunswick,552,401,66.4,61.3,71.5,Wald,C,not significantly different
2020 and 2021 SCMH (combined),Stable or improved mental health,Percentage (%) of population aged 18 years and older who reported stable or improved mental health,males,Nova Scotia,576,448,76.1,71.7,80.5,Wald,C,significantly higher
2020 and 2021 SCMH (combined),Stable or improved mental health,Percentage (%) of population aged 18 years and older who reported stable or improved mental health,males,Prince Edward Island,457,362,78.9,74.2,83.6,Wald,C,significantly higher
2020 and 2021 SCMH (combined),Stable or improved mental health,Percentage (%) of population aged 18 years and older who reported stable or improved mental health,males,Newfoundland And Labrador,523,400,72.8,67.7,77.8,Wald,C,not significantly different
2020 and 2021 SCMH (combined),Stable or improved mental health,Percentage (%) of population aged 18 years and older who reported stable or improved mental health,males,Yukon (Whitehorse),313,223,69.1,62.7,75.6,Wald,C,not significantly different
2020 and 2021 SCMH (combined),Stable or improved mental health,Percentage (%) of population aged 18 years and older who reported stable or improved mental health,males,Northwest Territories (Yellowknife),337,232,69.8,63.5,76.1,Wald,C,not significantly different
2020 and 2021 SCMH (combined),Stable or improved mental health,Percentage (%) of population aged 18 years and older who reported stable or improved mental health,males,Nunavut (Iqaluit),174,115,63.3,55.0,71.6,Wald,C,not significantly different
2020 SCMH,Moderate to severe symptoms of generalized anxiety disorder,Percentage (%) of population aged 18 years and older who showed moderate to severe symptoms of generalized anxiety disorder,all adults,Canada,12113,1528,13.1,12.2,14.1,Wald,C,
2020 SCMH,Moderate to severe symptoms of generalized anxiety disorder,Percentage (%) of population aged 18 years and older who showed moderate to severe symptoms of generalized anxiety disorder,all adults,British Columbia,1122,147,14.5,12.0,17.1,Wald,C,not significantly different
2020 SCMH,Moderate to severe symptoms of generalized anxiety disorder,Percentage (%) of population aged 18 years and older who showed moderate to severe symptoms of generalized anxiety disorder,all adults,Alberta,1072,154,16.1,13.3,18.8,Wald,C,not significantly different
2020 SCMH,Moderate to severe symptoms of generalized anxiety disorder,Percentage (%) of population aged 18 years and older who showed moderate to severe symptoms of generalized anxiety disorder,all adults,Saskatchewan,883,103,11.6,8.9,14.3,Wald,C,not significantly different
2020 SCMH,Moderate to severe symptoms of generalized anxiety disorder,Percentage (%) of population aged 18 years and older who showed moderate to severe symptoms of generalized anxiety disorder,all adults,Manitoba,964,146,16.3,13.5,19.1,Wald,C,not significantly different
2020 SCMH,Moderate to severe symptoms of generalized anxiety disorder,Percentage (%) of population aged 18 years and older who showed moderate to severe symptoms of generalized anxiety disorder,all adults,Ontario,1941,254,13.7,11.9,15.5,Wald,C,not significantly different
2020 SCMH,Moderate to severe symptoms of generalized anxiety disorder,Percentage (%) of population aged 18 years and older who showed moderate to severe symptoms of generalized anxiety disorder,all adults,Quebec,1677,148,9.0,7.5,10.6,Wald,C,significantly lower
2020 SCMH,Moderate to severe symptoms of generalized anxiety disorder,Percentage (%) of population aged 18 years and older who showed moderate to severe symptoms of generalized anxiety disorder,all adults,New Brunswick,865,133,18.0,14.8,21.1,Wald,C,significantly higher
2020 SCMH,Moderate to severe symptoms of generalized anxiety disorder,Percentage (%) of population aged 18 years and older who showed moderate to severe symptoms of generalized anxiety disorder,all adults,Nova Scotia,943,137,17.2,13.7,20.7,Wald,C,not significantly different
2020 SCMH,Moderate to severe symptoms of generalized anxiety disorder,Percentage (%) of population aged 18 years and older who showed moderate to severe symptoms of generalized anxiety disorder,all adults,Prince Edward Island,812,94,12.2,9.5,15.0,Wald,C,not significantly different
2020 SCMH,Moderate to severe symptoms of generalized anxiety disorder,Percentage (%) of population aged 18 years and older who showed moderate to severe symptoms of generalized anxiety disorder,all adults,Newfoundland And Labrador,835,86,10.6,8.1,13.1,Wald,C,not significantly different
2020 SCMH,Moderate to severe symptoms of generalized anxiety disorder,Percentage (%) of population aged 18 years and older who showed moderate to severe symptoms of generalized anxiety disorder,all adults,Yukon (Whitehorse),413,52,13.7,9.9,17.5,Wald,C,not significantly different
2020 SCMH,Moderate to severe symptoms of generalized anxiety disorder,Percentage (%) of population aged 18 years and older who showed moderate to severe symptoms of generalized anxiety disorder,all adults,Northwest Territories (Yellowknife),356,43,15.0,10.2,19.8,Wald,C,not significantly different
2020 SCMH,Moderate to severe symptoms of generalized anxiety disorder,Percentage (%) of population aged 18 years and older who showed moderate to severe symptoms of generalized anxiety disorder,all adults,Nunavut (Iqaluit),230,31,17.4,10.1,24.7,Wald,C,not significantly different
2020 SCMH,Moderate to severe symptoms of generalized anxiety disorder,Percentage (%) of population aged 18 years and older who showed moderate to severe symptoms of generalized anxiety disorder,females,Canada,6931,1028,16.2,14.8,17.6,Wald,C,
2020 SCMH,Moderate to severe symptoms of generalized anxiety disorder,Percentage (%) of population aged 18 years and older who showed moderate to severe symptoms of generalized anxiety disorder,females,British Columbia,628,87,14.9,11.7,18.1,Wald,C,not significantly different
2020 SCMH,Moderate to severe symptoms of generalized anxiety disorder,Percentage (%) of population aged 18 years and older who showed moderate to severe symptoms of generalized anxiety disorder,females,Alberta,583,102,20.7,16.7,24.6,Wald,C,not significantly different
2020 SCMH,Moderate to severe symptoms of generalized anxiety disorder,Percentage (%) of population aged 18 years and older who showed moderate to severe symptoms of generalized anxiety disorder,females,Saskatchewan,521,72,13.2,10.0,16.3,Wald,C,not significantly different
2020 SCMH,Moderate to severe symptoms of generalized anxiety disorder,Percentage (%) of population aged 18 years and older who showed moderate to severe symptoms of generalized anxiety disorder,females,Manitoba,546,92,18.2,14.2,22.3,Wald,C,not significantly different
2020 SCMH,Moderate to severe symptoms of generalized anxiety disorder,Percentage (%) of population aged 18 years and older who showed moderate to severe symptoms of generalized anxiety disorder,females,Ontario,1085,176,17.9,15.2,20.7,Wald,C,not significantly different
2020 SCMH,Moderate to severe symptoms of generalized anxiety disorder,Percentage (%) of population aged 18 years and older who showed moderate to severe symptoms of generalized anxiety disorder,females,Quebec,948,103,11.6,9.2,13.9,Wald,C,significantly lower
2020 SCMH,Moderate to severe symptoms of generalized anxiety disorder,Percentage (%) of population aged 18 years and older who showed moderate to severe symptoms of generalized anxiety disorder,females,New Brunswick,507,83,18.3,14.1,22.4,Wald,C,not significantly different
2020 SCMH,Moderate to severe symptoms of generalized anxiety disorder,Percentage (%) of population aged 18 years and older who showed moderate to severe symptoms of generalized anxiety disorder,females,Nova Scotia,581,99,19.1,15.4,22.9,Wald,C,not significantly different
2020 SCMH,Moderate to severe symptoms of generalized anxiety disorder,Percentage (%) of population aged 18 years and older who showed moderate to severe symptoms of generalized anxiety disorder,females,Prince Edward Island,497,67,14.0,10.5,17.6,Wald,C,not significantly different
2020 SCMH,Moderate to severe symptoms of generalized anxiety disorder,Percentage (%) of population aged 18 years and older who showed moderate to severe symptoms of generalized anxiety disorder,females,Newfoundland And Labrador,469,57,12.1,8.6,15.5,Wald,C,not significantly different
2020 SCMH,Moderate to severe symptoms of generalized anxiety disorder,Percentage (%) of population aged 18 years and older who showed moderate to severe symptoms of generalized anxiety disorder,females,Yukon (Whitehorse),251,41,19.3,13.4,25.2,Wald,C,not significantly different
2020 SCMH,Moderate to severe symptoms of generalized anxiety disorder,Percentage (%) of population aged 18 years and older who showed moderate to severe symptoms of generalized anxiety disorder,females,Northwest Territories (Yellowknife),191,27,17.3,10.9,23.8,Wald,C,not significantly different
2020 SCMH,Moderate to severe symptoms of generalized anxiety disorder,Percentage (%) of population aged 18 years and older who showed moderate to severe symptoms of generalized anxiety disorder,females,Nunavut (Iqaluit),124,22,24.6,12.5,36.8,Wald,C,not significantly different
2020 SCMH,Moderate to severe symptoms of generalized anxiety disorder,Percentage (%) of population aged 18 years and older who showed moderate to severe symptoms of generalized anxiety disorder,males,Canada,5157,492,9.9,8.6,11.2,Wald,C,
2020 SCMH,Moderate to severe symptoms of generalized anxiety disorder,Percentage (%) of population aged 18 years and older who showed moderate to severe symptoms of generalized anxiety disorder,males,British Columbia,491,60,14.2,10.3,18.2,Wald,C,not significantly different
2020 SCMH,Moderate to severe symptoms of generalized anxiety disorder,Percentage (%) of population aged 18 years and older who showed moderate to severe symptoms of generalized anxiety disorder,males,Alberta,487,50,11.1,7.4,14.8,Wald,C,not significantly different
2020 SCMH,Moderate to severe symptoms of generalized anxiety disorder,Percentage (%) of population aged 18 years and older who showed moderate to severe symptoms of generalized anxiety disorder,males,Saskatchewan,359,30,9.8,5.6,14.0,Wald,C,not significantly different
2020 SCMH,Moderate to severe symptoms of generalized anxiety disorder,Percentage (%) of population aged 18 years and older who showed moderate to severe symptoms of generalized anxiety disorder,males,Manitoba,414,51,13.1,9.2,16.9,Wald,C,not significantly different
2020 SCMH,Moderate to severe symptoms of generalized anxiety disorder,Percentage (%) of population aged 18 years and older who showed moderate to severe symptoms of generalized anxiety disorder,males,Ontario,852,78,9.2,6.9,11.6,Wald,C,not significantly different
2020 SCMH,Moderate to severe symptoms of generalized anxiety disorder,Percentage (%) of population aged 18 years and older who showed moderate to severe symptoms of generalized anxiety disorder,males,Quebec,726,44,6.4,4.3,8.4,Wald,C,significantly lower
2020 SCMH,Moderate to severe symptoms of generalized anxiety disorder,Percentage (%) of population aged 18 years and older who showed moderate to severe symptoms of generalized anxiety disorder,males,New Brunswick,358,50,17.6,12.7,22.5,Wald,C,significantly higher
2020 SCMH,Moderate to severe symptoms of generalized anxiety disorder,Percentage (%) of population aged 18 years and older who showed moderate to severe symptoms of generalized anxiety disorder,males,Nova Scotia,361,38,15.1,9.4,20.9,Wald,C,not significantly different
2020 SCMH,Moderate to severe symptoms of generalized anxiety disorder,Percentage (%) of population aged 18 years and older who showed moderate to severe symptoms of generalized anxiety disorder,males,Prince Edward Island,314,27,10.4,5.9,14.9,Wald,C,not significantly different
2020 SCMH,Moderate to severe symptoms of generalized anxiety disorder,Percentage (%) of population aged 18 years and older who showed moderate to severe symptoms of generalized anxiety disorder,males,Newfoundland And Labrador,365,28,8.9,5.2,12.5,Wald,C,not significantly different
2020 SCMH,Moderate to severe symptoms of generalized anxiety disorder,Percentage (%) of population aged 18 years and older who showed moderate to severe symptoms of generalized anxiety disorder,males,Yukon (Whitehorse),159,11,8.2,3.3,13.2,Wald,C,not significantly different
2020 SCMH,Moderate to severe symptoms of generalized anxiety disorder,Percentage (%) of population aged 18 years and older who showed moderate to severe symptoms of generalized anxiety disorder,males,Northwest Territories (Yellowknife),165,16,12.7,5.3,20.1,Wald,C,not significantly different
2020 SCMH,Moderate to severe symptoms of generalized anxiety disorder,Percentage (%) of population aged 18 years and older who showed moderate to severe symptoms of generalized anxiety disorder,males,Nunavut (Iqaluit),106,9,9.4,2.1,16.7,Wald,C,not significantly different
2021 SCMH,Moderate to severe symptoms of generalized anxiety disorder,Percentage (%) of population aged 18 years and older who showed moderate to severe symptoms of generalized anxiety disorder,all adults,Canada,6482,926,15.3,13.9,16.6,Wald,C,
2021 SCMH,Moderate to severe symptoms of generalized anxiety disorder,Percentage (%) of population aged 18 years and older who showed moderate to severe symptoms of generalized anxiety disorder,all adults,British Columbia,563,87,18.0,14.2,21.8,Wald,C,not significantly different
2021 SCMH,Moderate to severe symptoms of generalized anxiety disorder,Percentage (%) of population aged 18 years and older who showed moderate to severe symptoms of generalized anxiety disorder,all adults,Alberta,548,91,18.6,14.8,22.4,Wald,C,not significantly different
2021 SCMH,Moderate to severe symptoms of generalized anxiety disorder,Percentage (%) of population aged 18 years and older who showed moderate to severe symptoms of generalized anxiety disorder,all adults,Saskatchewan,463,80,16.4,12.5,20.2,Wald,C,not significantly different
2021 SCMH,Moderate to severe symptoms of generalized anxiety disorder,Percentage (%) of population aged 18 years and older who showed moderate to severe symptoms of generalized anxiety disorder,all adults,Manitoba,497,77,18.3,13.9,22.6,Wald,C,not significantly different
2021 SCMH,Moderate to severe symptoms of generalized anxiety disorder,Percentage (%) of population aged 18 years and older who showed moderate to severe symptoms of generalized anxiety disorder,all adults,Ontario,987,163,17.1,14.5,19.7,Wald,C,not significantly different
2021 SCMH,Moderate to severe symptoms of generalized anxiety disorder,Percentage (%) of population aged 18 years and older who showed moderate to severe symptoms of generalized anxiety disorder,all adults,Quebec,908,76,8.5,6.4,10.7,Wald,C,significantly lower
2021 SCMH,Moderate to severe symptoms of generalized anxiety disorder,Percentage (%) of population aged 18 years and older who showed moderate to severe symptoms of generalized anxiety disorder,all adults,New Brunswick,458,69,17.0,12.7,21.2,Wald,C,not significantly different
2021 SCMH,Moderate to severe symptoms of generalized anxiety disorder,Percentage (%) of population aged 18 years and older who showed moderate to severe symptoms of generalized anxiety disorder,all adults,Nova Scotia,486,58,12.8,9.3,16.2,Wald,C,not significantly different
2021 SCMH,Moderate to severe symptoms of generalized anxiety disorder,Percentage (%) of population aged 18 years and older who showed moderate to severe symptoms of generalized anxiety disorder,all adults,Prince Edward Island,359,57,16.1,11.4,20.7,Wald,C,not significantly different
2021 SCMH,Moderate to severe symptoms of generalized anxiety disorder,Percentage (%) of population aged 18 years and older who showed moderate to severe symptoms of generalized anxiety disorder,all adults,Newfoundland And Labrador,373,46,12.4,8.3,16.6,Wald,C,not significantly different
2021 SCMH,Moderate to severe symptoms of generalized anxiety disorder,Percentage (%) of population aged 18 years and older who showed moderate to severe symptoms of generalized anxiety disorder,all adults,Yukon (Whitehorse),350,52,19.7,14.4,24.9,Wald,C,not significantly different
2021 SCMH,Moderate to severe symptoms of generalized anxiety disorder,Percentage (%) of population aged 18 years and older who showed moderate to severe symptoms of generalized anxiety disorder,all adults,Northwest Territories (Yellowknife),341,44,13.2,8.8,17.7,Wald,C,not significantly different
2021 SCMH,Moderate to severe symptoms of generalized anxiety disorder,Percentage (%) of population aged 18 years and older who showed moderate to severe symptoms of generalized anxiety disorder,all adults,Nunavut (Iqaluit),149,26,17.6,10.4,24.7,Wald,C,not significantly different
2021 SCMH,Moderate to severe symptoms of generalized anxiety disorder,Percentage (%) of population aged 18 years and older who showed moderate to severe symptoms of generalized anxiety disorder,females,Canada,3694,614,18.3,16.4,20.3,Wald,C,
2021 SCMH,Moderate to severe symptoms of generalized anxiety disorder,Percentage (%) of population aged 18 years and older who showed moderate to severe symptoms of generalized anxiety disorder,females,British Columbia,316,61,22.3,17.1,27.6,Wald,C,not significantly different
2021 SCMH,Moderate to severe symptoms of generalized anxiety disorder,Percentage (%) of population aged 18 years and older who showed moderate to severe symptoms of generalized anxiety disorder,females,Alberta,308,54,18.4,13.6,23.1,Wald,C,not significantly different
2021 SCMH,Moderate to severe symptoms of generalized anxiety disorder,Percentage (%) of population aged 18 years and older who showed moderate to severe symptoms of generalized anxiety disorder,females,Saskatchewan,276,54,19.5,13.9,25.0,Wald,C,not significantly different
2021 SCMH,Moderate to severe symptoms of generalized anxiety disorder,Percentage (%) of population aged 18 years and older who showed moderate to severe symptoms of generalized anxiety disorder,females,Manitoba,277,42,17.7,11.9,23.6,Wald,C,not significantly different
2021 SCMH,Moderate to severe symptoms of generalized anxiety disorder,Percentage (%) of population aged 18 years and older who showed moderate to severe symptoms of generalized anxiety disorder,females,Ontario,542,111,22.0,18.0,26.1,Wald,C,not significantly different
2021 SCMH,Moderate to severe symptoms of generalized anxiety disorder,Percentage (%) of population aged 18 years and older who showed moderate to severe symptoms of generalized anxiety disorder,females,Quebec,519,48,9.3,6.4,12.1,Wald,C,significantly lower
2021 SCMH,Moderate to severe symptoms of generalized anxiety disorder,Percentage (%) of population aged 18 years and older who showed moderate to severe symptoms of generalized anxiety disorder,females,New Brunswick,274,48,21.3,15.2,27.5,Wald,C,not significantly different
2021 SCMH,Moderate to severe symptoms of generalized anxiety disorder,Percentage (%) of population aged 18 years and older who showed moderate to severe symptoms of generalized anxiety disorder,females,Nova Scotia,285,43,18.7,13.1,24.3,Wald,C,not significantly different
2021 SCMH,Moderate to severe symptoms of generalized anxiety disorder,Percentage (%) of population aged 18 years and older who showed moderate to severe symptoms of generalized anxiety disorder,females,Prince Edward Island,222,38,17.8,11.4,24.2,Wald,C,not significantly different
2021 SCMH,Moderate to severe symptoms of generalized anxiety disorder,Percentage (%) of population aged 18 years and older who showed moderate to severe symptoms of generalized anxiety disorder,females,Newfoundland And Labrador,220,34,14.9,9.5,20.3,Wald,C,not significantly different
2021 SCMH,Moderate to severe symptoms of generalized anxiety disorder,Percentage (%) of population aged 18 years and older who showed moderate to severe symptoms of generalized anxiety disorder,females,Yukon (Whitehorse),199,31,15.2,10.1,20.4,Wald,C,not significantly different
2021 SCMH,Moderate to severe symptoms of generalized anxiety disorder,Percentage (%) of population aged 18 years and older who showed moderate to severe symptoms of generalized anxiety disorder,females,Northwest Territories (Yellowknife),175,30,19.1,11.3,26.9,Wald,C,not significantly different
2021 SCMH,Moderate to severe symptoms of generalized anxiety disorder,Percentage (%) of population aged 18 years and older who showed moderate to severe symptoms of generalized anxiety disorder,females,Nunavut (Iqaluit),81,20,24.2,13.7,34.7,Wald,A,not significantly different
2021 SCMH,Moderate to severe symptoms of generalized anxiety disorder,Percentage (%) of population aged 18 years and older who showed moderate to severe symptoms of generalized anxiety disorder,males,Canada,2778,307,11.9,10.0,13.8,Wald,C,
2021 SCMH,Moderate to severe symptoms of generalized anxiety disorder,Percentage (%) of population aged 18 years and older who showed moderate to severe symptoms of generalized anxiety disorder,males,British Columbia,246,26,13.5,8.1,18.8,Wald,C,not significantly different
2021 SCMH,Moderate to severe symptoms of generalized anxiety disorder,Percentage (%) of population aged 18 years and older who showed moderate to severe symptoms of generalized anxiety disorder,males,Alberta,238,36,18.5,12.3,24.7,Wald,C,not significantly different
2021 SCMH,Moderate to severe symptoms of generalized anxiety disorder,Percentage (%) of population aged 18 years and older who showed moderate to severe symptoms of generalized anxiety disorder,males,Saskatchewan,187,26,13.4,8.1,18.7,Wald,C,not significantly different
2021 SCMH,Moderate to severe symptoms of generalized anxiety disorder,Percentage (%) of population aged 18 years and older who showed moderate to severe symptoms of generalized anxiety disorder,males,Manitoba,220,35,18.8,12.3,25.4,Wald,C,not significantly different
2021 SCMH,Moderate to severe symptoms of generalized anxiety disorder,Percentage (%) of population aged 18 years and older who showed moderate to severe symptoms of generalized anxiety disorder,males,Ontario,442,50,11.5,8.1,14.9,Wald,C,not significantly different
2021 SCMH,Moderate to severe symptoms of generalized anxiety disorder,Percentage (%) of population aged 18 years and older who showed moderate to severe symptoms of generalized anxiety disorder,males,Quebec,389,28,7.8,4.5,11.0,Wald,C,not significantly different
2021 SCMH,Moderate to severe symptoms of generalized anxiety disorder,Percentage (%) of population aged 18 years and older who showed moderate to severe symptoms of generalized anxiety disorder,males,New Brunswick,183,20,12.0,6.5,17.5,Wald,C,not significantly different
2021 SCMH,Moderate to severe symptoms of generalized anxiety disorder,Percentage (%) of population aged 18 years and older who showed moderate to severe symptoms of generalized anxiety disorder,males,Nova Scotia,201,15,6.5,2.6,10.3,Wald,C,not significantly different
2021 SCMH,Moderate to severe symptoms of generalized anxiety disorder,Percentage (%) of population aged 18 years and older who showed moderate to severe symptoms of generalized anxiety disorder,males,Prince Edward Island,137,19,14.3,7.1,21.4,Wald,C,not significantly different
2021 SCMH,Moderate to severe symptoms of generalized anxiety disorder,Percentage (%) of population aged 18 years and older who showed moderate to severe symptoms of generalized anxiety disorder,males,Newfoundland And Labrador,153,12,9.9,3.6,16.2,Wald,C,not significantly different
2021 SCMH,Moderate to severe symptoms of generalized anxiety disorder,Percentage (%) of population aged 18 years and older who showed moderate to severe symptoms of generalized anxiety disorder,males,Yukon (Whitehorse),149,20,23.9,14.6,33.2,Wald,C,significantly higher
2021 SCMH,Moderate to severe symptoms of generalized anxiety disorder,Percentage (%) of population aged 18 years and older who showed moderate to severe symptoms of generalized anxiety disorder,males,Northwest Territories (Yellowknife),165,14,7.7,3.1,12.2,Wald,C,not significantly different
2021 SCMH,Moderate to severe symptoms of generalized anxiety disorder,Percentage (%) of population aged 18 years and older who showed moderate to severe symptoms of generalized anxiety disorder,males,Nunavut (Iqaluit),68,6,11.1,1.2,20.9,Wald,A,not significantly different
2020 and 2021 SCMH (combined),Moderate to severe symptoms of generalized anxiety disorder,Percentage (%) of population aged 18 years and older who showed moderate to severe symptoms of generalized anxiety disorder,all adults,Canada,18595,2454,14.2,13.4,15.0,Wald,C,
2020 and 2021 SCMH (combined),Moderate to severe symptoms of generalized anxiety disorder,Percentage (%) of population aged 18 years and older who showed moderate to severe symptoms of generalized anxiety disorder,all adults,British Columbia,1685,234,16.3,14.0,18.6,Wald,C,not significantly different
2020 and 2021 SCMH (combined),Moderate to severe symptoms of generalized anxiety disorder,Percentage (%) of population aged 18 years and older who showed moderate to severe symptoms of generalized anxiety disorder,all adults,Alberta,1620,245,17.3,14.9,19.7,Wald,C,not significantly different
2020 and 2021 SCMH (combined),Moderate to severe symptoms of generalized anxiety disorder,Percentage (%) of population aged 18 years and older who showed moderate to severe symptoms of generalized anxiety disorder,all adults,Saskatchewan,1346,183,14.0,11.6,16.4,Wald,C,not significantly different
2020 and 2021 SCMH (combined),Moderate to severe symptoms of generalized anxiety disorder,Percentage (%) of population aged 18 years and older who showed moderate to severe symptoms of generalized anxiety disorder,all adults,Manitoba,1461,223,17.3,14.7,19.9,Wald,C,not significantly different
2020 and 2021 SCMH (combined),Moderate to severe symptoms of generalized anxiety disorder,Percentage (%) of population aged 18 years and older who showed moderate to severe symptoms of generalized anxiety disorder,all adults,Ontario,2928,417,15.4,13.8,16.9,Wald,C,not significantly different
2020 and 2021 SCMH (combined),Moderate to severe symptoms of generalized anxiety disorder,Percentage (%) of population aged 18 years and older who showed moderate to severe symptoms of generalized anxiety disorder,all adults,Quebec,2585,224,8.8,7.4,10.1,Wald,C,significantly lower
2020 and 2021 SCMH (combined),Moderate to severe symptoms of generalized anxiety disorder,Percentage (%) of population aged 18 years and older who showed moderate to severe symptoms of generalized anxiety disorder,all adults,New Brunswick,1323,202,17.5,14.8,20.1,Wald,C,not significantly different
2020 and 2021 SCMH (combined),Moderate to severe symptoms of generalized anxiety disorder,Percentage (%) of population aged 18 years and older who showed moderate to severe symptoms of generalized anxiety disorder,all adults,Nova Scotia,1429,195,15.0,12.4,17.5,Wald,C,not significantly different
2020 and 2021 SCMH (combined),Moderate to severe symptoms of generalized anxiety disorder,Percentage (%) of population aged 18 years and older who showed moderate to severe symptoms of generalized anxiety disorder,all adults,Prince Edward Island,1171,151,14.2,11.5,16.9,Wald,C,not significantly different
2020 and 2021 SCMH (combined),Moderate to severe symptoms of generalized anxiety disorder,Percentage (%) of population aged 18 years and older who showed moderate to severe symptoms of generalized anxiety disorder,all adults,Newfoundland And Labrador,1208,132,11.5,9.1,14.0,Wald,C,not significantly different
2020 and 2021 SCMH (combined),Moderate to severe symptoms of generalized anxiety disorder,Percentage (%) of population aged 18 years and older who showed moderate to severe symptoms of generalized anxiety disorder,all adults,Yukon (Whitehorse),763,104,16.8,13.5,20.0,Wald,C,not significantly different
2020 and 2021 SCMH (combined),Moderate to severe symptoms of generalized anxiety disorder,Percentage (%) of population aged 18 years and older who showed moderate to severe symptoms of generalized anxiety disorder,all adults,Northwest Territories (Yellowknife),697,87,14.1,10.9,17.3,Wald,C,not significantly different
2020 and 2021 SCMH (combined),Moderate to severe symptoms of generalized anxiety disorder,Percentage (%) of population aged 18 years and older who showed moderate to severe symptoms of generalized anxiety disorder,all adults,Nunavut (Iqaluit),379,57,17.5,12.4,22.5,Wald,C,not significantly different
2020 and 2021 SCMH (combined),Moderate to severe symptoms of generalized anxiety disorder,Percentage (%) of population aged 18 years and older who showed moderate to severe symptoms of generalized anxiety disorder,females,Canada,10625,1642,17.3,16.1,18.5,Wald,C,
2020 and 2021 SCMH (combined),Moderate to severe symptoms of generalized anxiety disorder,Percentage (%) of population aged 18 years and older who showed moderate to severe symptoms of generalized anxiety disorder,females,British Columbia,944,148,18.7,15.6,21.8,Wald,C,not significantly different
2020 and 2021 SCMH (combined),Moderate to severe symptoms of generalized anxiety disorder,Percentage (%) of population aged 18 years and older who showed moderate to severe symptoms of generalized anxiety disorder,females,Alberta,891,156,19.5,16.4,22.6,Wald,C,not significantly different
2020 and 2021 SCMH (combined),Moderate to severe symptoms of generalized anxiety disorder,Percentage (%) of population aged 18 years and older who showed moderate to severe symptoms of generalized anxiety disorder,females,Saskatchewan,797,126,16.3,13.0,19.6,Wald,C,not significantly different
2020 and 2021 SCMH (combined),Moderate to severe symptoms of generalized anxiety disorder,Percentage (%) of population aged 18 years and older who showed moderate to severe symptoms of generalized anxiety disorder,females,Manitoba,823,134,18.0,14.4,21.6,Wald,C,not significantly different
2020 and 2021 SCMH (combined),Moderate to severe symptoms of generalized anxiety disorder,Percentage (%) of population aged 18 years and older who showed moderate to severe symptoms of generalized anxiety disorder,females,Ontario,1627,287,20.0,17.5,22.5,Wald,C,not significantly different
2020 and 2021 SCMH (combined),Moderate to severe symptoms of generalized anxiety disorder,Percentage (%) of population aged 18 years and older who showed moderate to severe symptoms of generalized anxiety disorder,females,Quebec,1467,151,10.4,8.6,12.3,Wald,C,significantly lower
2020 and 2021 SCMH (combined),Moderate to severe symptoms of generalized anxiety disorder,Percentage (%) of population aged 18 years and older who showed moderate to severe symptoms of generalized anxiety disorder,females,New Brunswick,781,131,19.8,16.1,23.5,Wald,C,not significantly different
2020 and 2021 SCMH (combined),Moderate to severe symptoms of generalized anxiety disorder,Percentage (%) of population aged 18 years and older who showed moderate to severe symptoms of generalized anxiety disorder,females,Nova Scotia,866,142,18.9,15.5,22.3,Wald,C,not significantly different
2020 and 2021 SCMH (combined),Moderate to severe symptoms of generalized anxiety disorder,Percentage (%) of population aged 18 years and older who showed moderate to severe symptoms of generalized anxiety disorder,females,Prince Edward Island,719,105,15.9,12.2,19.6,Wald,C,not significantly different
2020 and 2021 SCMH (combined),Moderate to severe symptoms of generalized anxiety disorder,Percentage (%) of population aged 18 years and older who showed moderate to severe symptoms of generalized anxiety disorder,females,Newfoundland And Labrador,689,91,13.5,10.3,16.7,Wald,C,not significantly different
2020 and 2021 SCMH (combined),Moderate to severe symptoms of generalized anxiety disorder,Percentage (%) of population aged 18 years and older who showed moderate to severe symptoms of generalized anxiety disorder,females,Yukon (Whitehorse),450,72,17.2,13.3,21.1,Wald,C,not significantly different
2020 and 2021 SCMH (combined),Moderate to severe symptoms of generalized anxiety disorder,Percentage (%) of population aged 18 years and older who showed moderate to severe symptoms of generalized anxiety disorder,females,Northwest Territories (Yellowknife),366,57,18.2,13.0,23.4,Wald,C,not significantly different
2020 and 2021 SCMH (combined),Moderate to severe symptoms of generalized anxiety disorder,Percentage (%) of population aged 18 years and older who showed moderate to severe symptoms of generalized anxiety disorder,females,Nunavut (Iqaluit),205,42,24.4,16.2,32.7,Wald,C,not significantly different
2020 and 2021 SCMH (combined),Moderate to severe symptoms of generalized anxiety disorder,Percentage (%) of population aged 18 years and older who showed moderate to severe symptoms of generalized anxiety disorder,males,Canada,7935,799,10.9,9.8,12.1,Wald,C,
2020 and 2021 SCMH (combined),Moderate to severe symptoms of generalized anxiety disorder,Percentage (%) of population aged 18 years and older who showed moderate to severe symptoms of generalized anxiety disorder,males,British Columbia,737,86,13.8,10.5,17.2,Wald,C,not significantly different
2020 and 2021 SCMH (combined),Moderate to severe symptoms of generalized anxiety disorder,Percentage (%) of population aged 18 years and older who showed moderate to severe symptoms of generalized anxiety disorder,males,Alberta,725,86,14.8,11.1,18.5,Wald,C,not significantly different
2020 and 2021 SCMH (combined),Moderate to severe symptoms of generalized anxiety disorder,Percentage (%) of population aged 18 years and older who showed moderate to severe symptoms of generalized anxiety disorder,males,Saskatchewan,546,56,11.6,8.2,15.1,Wald,C,not significantly different
2020 and 2021 SCMH (combined),Moderate to severe symptoms of generalized anxiety disorder,Percentage (%) of population aged 18 years and older who showed moderate to severe symptoms of generalized anxiety disorder,males,Manitoba,634,86,16.0,12.2,19.8,Wald,C,significantly higher
2020 and 2021 SCMH (combined),Moderate to severe symptoms of generalized anxiety disorder,Percentage (%) of population aged 18 years and older who showed moderate to severe symptoms of generalized anxiety disorder,males,Ontario,1294,128,10.4,8.3,12.4,Wald,C,not significantly different
2020 and 2021 SCMH (combined),Moderate to severe symptoms of generalized anxiety disorder,Percentage (%) of population aged 18 years and older who showed moderate to severe symptoms of generalized anxiety disorder,males,Quebec,1115,72,7.1,5.2,9.0,Wald,C,significantly lower
2020 and 2021 SCMH (combined),Moderate to severe symptoms of generalized anxiety disorder,Percentage (%) of population aged 18 years and older who showed moderate to severe symptoms of generalized anxiety disorder,males,New Brunswick,541,70,14.8,11.1,18.4,Wald,C,not significantly different
2020 and 2021 SCMH (combined),Moderate to severe symptoms of generalized anxiety disorder,Percentage (%) of population aged 18 years and older who showed moderate to severe symptoms of generalized anxiety disorder,males,Nova Scotia,562,53,10.8,7.3,14.3,Wald,C,not significantly different
2020 and 2021 SCMH (combined),Moderate to severe symptoms of generalized anxiety disorder,Percentage (%) of population aged 18 years and older who showed moderate to severe symptoms of generalized anxiety disorder,males,Prince Edward Island,451,46,12.3,8.2,16.5,Wald,C,not significantly different
2020 and 2021 SCMH (combined),Moderate to severe symptoms of generalized anxiety disorder,Percentage (%) of population aged 18 years and older who showed moderate to severe symptoms of generalized anxiety disorder,males,Newfoundland And Labrador,518,40,9.4,5.8,13.0,Wald,C,not significantly different
2020 and 2021 SCMH (combined),Moderate to severe symptoms of generalized anxiety disorder,Percentage (%) of population aged 18 years and older who showed moderate to severe symptoms of generalized anxiety disorder,males,Yukon (Whitehorse),308,31,16.3,11.0,21.7,Wald,C,not significantly different
2020 and 2021 SCMH (combined),Moderate to severe symptoms of generalized anxiety disorder,Percentage (%) of population aged 18 years and older who showed moderate to severe symptoms of generalized anxiety disorder,males,Northwest Territories (Yellowknife),330,30,10.1,5.8,14.3,Wald,C,not significantly different
2020 and 2021 SCMH (combined),Moderate to severe symptoms of generalized anxiety disorder,Percentage (%) of population aged 18 years and older who showed moderate to severe symptoms of generalized anxiety disorder,males,Nunavut (Iqaluit),174,15,10.2,4.3,16.2,Wald,C,not significantly different
2020 SCMH,Moderate to severe symptoms of major depressive disorder,Percentage (%) of population aged 18 years and older who showed moderate to severe symptoms of major depressive disorder,all adults,Canada,12037,1732,15.2,14.2,16.2,Wald,C,
2020 SCMH,Moderate to severe symptoms of major depressive disorder,Percentage (%) of population aged 18 years and older who showed moderate to severe symptoms of major depressive disorder,all adults,British Columbia,1122,169,17.2,14.4,20.1,Wald,C,not significantly different
2020 SCMH,Moderate to severe symptoms of major depressive disorder,Percentage (%) of population aged 18 years and older who showed moderate to severe symptoms of major depressive disorder,all adults,Alberta,1072,181,18.3,15.5,21.1,Wald,C,not significantly different
2020 SCMH,Moderate to severe symptoms of major depressive disorder,Percentage (%) of population aged 18 years and older who showed moderate to severe symptoms of major depressive disorder,all adults,Saskatchewan,873,121,14.4,11.5,17.3,Wald,C,not significantly different
2020 SCMH,Moderate to severe symptoms of major depressive disorder,Percentage (%) of population aged 18 years and older who showed moderate to severe symptoms of major depressive disorder,all adults,Manitoba,961,166,20.1,17.0,23.3,Wald,C,significantly higher
2020 SCMH,Moderate to severe symptoms of major depressive disorder,Percentage (%) of population aged 18 years and older who showed moderate to severe symptoms of major depressive disorder,all adults,Ontario,1927,297,15.9,13.9,17.8,Wald,C,not significantly different
2020 SCMH,Moderate to severe symptoms of major depressive disorder,Percentage (%) of population aged 18 years and older who showed moderate to severe symptoms of major depressive disorder,all adults,Quebec,1661,172,10.5,8.9,12.1,Wald,C,significantly lower
2020 SCMH,Moderate to severe symptoms of major depressive disorder,Percentage (%) of population aged 18 years and older who showed moderate to severe symptoms of major depressive disorder,all adults,New Brunswick,855,134,17.4,14.1,20.6,Wald,C,not significantly different
2020 SCMH,Moderate to severe symptoms of major depressive disorder,Percentage (%) of population aged 18 years and older who showed moderate to severe symptoms of major depressive disorder,all adults,Nova Scotia,941,138,16.5,13.2,19.9,Wald,C,not significantly different
2020 SCMH,Moderate to severe symptoms of major depressive disorder,Percentage (%) of population aged 18 years and older who showed moderate to severe symptoms of major depressive disorder,all adults,Prince Edward Island,803,99,14.1,11.1,17.1,Wald,C,not significantly different
2020 SCMH,Moderate to severe symptoms of major depressive disorder,Percentage (%) of population aged 18 years and older who showed moderate to severe symptoms of major depressive disorder,all adults,Newfoundland And Labrador,823,96,11.5,9.0,14.0,Wald,C,significantly lower
2020 SCMH,Moderate to severe symptoms of major depressive disorder,Percentage (%) of population aged 18 years and older who showed moderate to severe symptoms of major depressive disorder,all adults,Yukon (Whitehorse),411,66,15.0,11.4,18.6,Wald,C,not significantly different
2020 SCMH,Moderate to severe symptoms of major depressive disorder,Percentage (%) of population aged 18 years and older who showed moderate to severe symptoms of major depressive disorder,all adults,Northwest Territories (Yellowknife),358,51,16.8,11.6,22.0,Wald,C,not significantly different
2020 SCMH,Moderate to severe symptoms of major depressive disorder,Percentage (%) of population aged 18 years and older who showed moderate to severe symptoms of major depressive disorder,all adults,Nunavut (Iqaluit),230,42,21.5,14.0,28.9,Wald,C,not significantly different
2020 SCMH,Moderate to severe symptoms of major depressive disorder,Percentage (%) of population aged 18 years and older who showed moderate to severe symptoms of major depressive disorder,females,Canada,6878,1134,17.5,16.0,19.0,Wald,C,
2020 SCMH,Moderate to severe symptoms of major depressive disorder,Percentage (%) of population aged 18 years and older who showed moderate to severe symptoms of major depressive disorder,females,British Columbia,625,98,17.4,13.8,21.0,Wald,C,not significantly different
2020 SCMH,Moderate to severe symptoms of major depressive disorder,Percentage (%) of population aged 18 years and older who showed moderate to severe symptoms of major depressive disorder,females,Alberta,588,116,22.1,17.9,26.3,Wald,C,not significantly different
2020 SCMH,Moderate to severe symptoms of major depressive disorder,Percentage (%) of population aged 18 years and older who showed moderate to severe symptoms of major depressive disorder,females,Saskatchewan,517,84,15.5,12.1,18.9,Wald,C,not significantly different
2020 SCMH,Moderate to severe symptoms of major depressive disorder,Percentage (%) of population aged 18 years and older who showed moderate to severe symptoms of major depressive disorder,females,Manitoba,546,100,21.9,17.3,26.4,Wald,C,not significantly different
2020 SCMH,Moderate to severe symptoms of major depressive disorder,Percentage (%) of population aged 18 years and older who showed moderate to severe symptoms of major depressive disorder,females,Ontario,1069,190,18.9,16.0,21.8,Wald,C,not significantly different
2020 SCMH,Moderate to severe symptoms of major depressive disorder,Percentage (%) of population aged 18 years and older who showed moderate to severe symptoms of major depressive disorder,females,Quebec,939,108,12.5,10.0,15.0,Wald,C,significantly lower
2020 SCMH,Moderate to severe symptoms of major depressive disorder,Percentage (%) of population aged 18 years and older who showed moderate to severe symptoms of major depressive disorder,females,New Brunswick,500,83,17.0,13.1,20.8,Wald,C,not significantly different
2020 SCMH,Moderate to severe symptoms of major depressive disorder,Percentage (%) of population aged 18 years and older who showed moderate to severe symptoms of major depressive disorder,females,Nova Scotia,577,102,20.0,16.1,23.8,Wald,C,not significantly different
2020 SCMH,Moderate to severe symptoms of major depressive disorder,Percentage (%) of population aged 18 years and older who showed moderate to severe symptoms of major depressive disorder,females,Prince Edward Island,494,70,15.5,11.6,19.5,Wald,C,not significantly different
2020 SCMH,Moderate to severe symptoms of major depressive disorder,Percentage (%) of population aged 18 years and older who showed moderate to severe symptoms of major depressive disorder,females,Newfoundland And Labrador,459,65,14.1,10.4,17.8,Wald,C,not significantly different
2020 SCMH,Moderate to severe symptoms of major depressive disorder,Percentage (%) of population aged 18 years and older who showed moderate to severe symptoms of major depressive disorder,females,Yukon (Whitehorse),248,52,23.3,17.0,29.5,Wald,C,not significantly different
2020 SCMH,Moderate to severe symptoms of major depressive disorder,Percentage (%) of population aged 18 years and older who showed moderate to severe symptoms of major depressive disorder,females,Northwest Territories (Yellowknife),190,35,20.4,13.4,27.5,Wald,C,not significantly different
2020 SCMH,Moderate to severe symptoms of major depressive disorder,Percentage (%) of population aged 18 years and older who showed moderate to severe symptoms of major depressive disorder,females,Nunavut (Iqaluit),126,31,30.6,18.8,42.5,Wald,C,not significantly different
2020 SCMH,Moderate to severe symptoms of major depressive disorder,Percentage (%) of population aged 18 years and older who showed moderate to severe symptoms of major depressive disorder,males,Canada,5134,585,12.6,11.2,14.0,Wald,C,
2020 SCMH,Moderate to severe symptoms of major depressive disorder,Percentage (%) of population aged 18 years and older who showed moderate to severe symptoms of major depressive disorder,males,British Columbia,495,70,16.9,12.7,21.1,Wald,C,not significantly different
2020 SCMH,Moderate to severe symptoms of major depressive disorder,Percentage (%) of population aged 18 years and older who showed moderate to severe symptoms of major depressive disorder,males,Alberta,482,63,14.1,10.3,17.9,Wald,C,not significantly different
2020 SCMH,Moderate to severe symptoms of major depressive disorder,Percentage (%) of population aged 18 years and older who showed moderate to severe symptoms of major depressive disorder,males,Saskatchewan,353,36,13.1,8.3,17.9,Wald,C,not significantly different
2020 SCMH,Moderate to severe symptoms of major depressive disorder,Percentage (%) of population aged 18 years and older who showed moderate to severe symptoms of major depressive disorder,males,Manitoba,411,63,17.1,12.6,21.7,Wald,C,not significantly different
2020 SCMH,Moderate to severe symptoms of major depressive disorder,Percentage (%) of population aged 18 years and older who showed moderate to severe symptoms of major depressive disorder,males,Ontario,854,106,12.7,10.1,15.4,Wald,C,not significantly different
2020 SCMH,Moderate to severe symptoms of major depressive disorder,Percentage (%) of population aged 18 years and older who showed moderate to severe symptoms of major depressive disorder,males,Quebec,718,62,8.3,6.0,10.5,Wald,C,significantly lower
2020 SCMH,Moderate to severe symptoms of major depressive disorder,Percentage (%) of population aged 18 years and older who showed moderate to severe symptoms of major depressive disorder,males,New Brunswick,355,51,17.8,12.6,23.0,Wald,C,not significantly different
2020 SCMH,Moderate to severe symptoms of major depressive disorder,Percentage (%) of population aged 18 years and older who showed moderate to severe symptoms of major depressive disorder,males,Nova Scotia,363,35,12.9,7.5,18.3,Wald,C,not significantly different
2020 SCMH,Moderate to severe symptoms of major depressive disorder,Percentage (%) of population aged 18 years and older who showed moderate to severe symptoms of major depressive disorder,males,Prince Edward Island,308,29,12.6,7.9,17.3,Wald,C,not significantly different
2020 SCMH,Moderate to severe symptoms of major depressive disorder,Percentage (%) of population aged 18 years and older who showed moderate to severe symptoms of major depressive disorder,males,Newfoundland And Labrador,363,30,8.6,5.2,12.0,Wald,C,not significantly different
2020 SCMH,Moderate to severe symptoms of major depressive disorder,Percentage (%) of population aged 18 years and older who showed moderate to severe symptoms of major depressive disorder,males,Yukon (Whitehorse),160,13,6.5,2.9,10.0,Wald,C,significantly lower
2020 SCMH,Moderate to severe symptoms of major depressive disorder,Percentage (%) of population aged 18 years and older who showed moderate to severe symptoms of major depressive disorder,males,Northwest Territories (Yellowknife),168,16,13.3,5.6,21.1,Wald,C,not significantly different
2020 SCMH,Moderate to severe symptoms of major depressive disorder,Percentage (%) of population aged 18 years and older who showed moderate to severe symptoms of major depressive disorder,males,Nunavut (Iqaluit),104,11,10.5,2.9,18.1,Wald,C,not significantly different
2021 SCMH,Moderate to severe symptoms of major depressive disorder,Percentage (%) of population aged 18 years and older who showed moderate to severe symptoms of major depressive disorder,all adults,Canada,6419,1144,18.8,17.3,20.3,Wald,C,
2021 SCMH,Moderate to severe symptoms of major depressive disorder,Percentage (%) of population aged 18 years and older who showed moderate to severe symptoms of major depressive disorder,all adults,British Columbia,561,106,22.5,18.3,26.6,Wald,C,not significantly different
2021 SCMH,Moderate to severe symptoms of major depressive disorder,Percentage (%) of population aged 18 years and older who showed moderate to severe symptoms of major depressive disorder,all adults,Alberta,548,118,24.6,20.3,28.9,Wald,C,significantly higher
2021 SCMH,Moderate to severe symptoms of major depressive disorder,Percentage (%) of population aged 18 years and older who showed moderate to severe symptoms of major depressive disorder,all adults,Saskatchewan,456,90,19.7,15.4,24.0,Wald,C,not significantly different
2021 SCMH,Moderate to severe symptoms of major depressive disorder,Percentage (%) of population aged 18 years and older who showed moderate to severe symptoms of major depressive disorder,all adults,Manitoba,490,98,21.9,17.6,26.3,Wald,C,not significantly different
2021 SCMH,Moderate to severe symptoms of major depressive disorder,Percentage (%) of population aged 18 years and older who showed moderate to severe symptoms of major depressive disorder,all adults,Ontario,972,177,19.6,16.6,22.5,Wald,C,not significantly different
2021 SCMH,Moderate to severe symptoms of major depressive disorder,Percentage (%) of population aged 18 years and older who showed moderate to severe symptoms of major depressive disorder,all adults,Quebec,894,101,11.9,9.2,14.5,Wald,C,significantly lower
2021 SCMH,Moderate to severe symptoms of major depressive disorder,Percentage (%) of population aged 18 years and older who showed moderate to severe symptoms of major depressive disorder,all adults,New Brunswick,455,88,21.9,16.9,27.0,Wald,C,not significantly different
2021 SCMH,Moderate to severe symptoms of major depressive disorder,Percentage (%) of population aged 18 years and older who showed moderate to severe symptoms of major depressive disorder,all adults,Nova Scotia,484,84,17.4,13.5,21.2,Wald,C,not significantly different
2021 SCMH,Moderate to severe symptoms of major depressive disorder,Percentage (%) of population aged 18 years and older who showed moderate to severe symptoms of major depressive disorder,all adults,Prince Edward Island,354,63,16.3,11.7,20.9,Wald,C,not significantly different
2021 SCMH,Moderate to severe symptoms of major depressive disorder,Percentage (%) of population aged 18 years and older who showed moderate to severe symptoms of major depressive disorder,all adults,Newfoundland And Labrador,374,51,14.9,10.2,19.6,Wald,C,not significantly different
2021 SCMH,Moderate to severe symptoms of major depressive disorder,Percentage (%) of population aged 18 years and older who showed moderate to severe symptoms of major depressive disorder,all adults,Yukon (Whitehorse),348,75,24.1,18.4,29.9,Wald,C,not significantly different
2021 SCMH,Moderate to severe symptoms of major depressive disorder,Percentage (%) of population aged 18 years and older who showed moderate to severe symptoms of major depressive disorder,all adults,Northwest Territories (Yellowknife),337,64,18.0,13.1,22.9,Wald,C,not significantly different
2021 SCMH,Moderate to severe symptoms of major depressive disorder,Percentage (%) of population aged 18 years and older who showed moderate to severe symptoms of major depressive disorder,all adults,Nunavut (Iqaluit),146,29,23.5,14.9,32.2,Wald,C,not significantly different
2021 SCMH,Moderate to severe symptoms of major depressive disorder,Percentage (%) of population aged 18 years and older who showed moderate to severe symptoms of major depressive disorder,females,Canada,3655,764,22.3,20.2,24.5,Wald,C,
2021 SCMH,Moderate to severe symptoms of major depressive disorder,Percentage (%) of population aged 18 years and older who showed moderate to severe symptoms of major depressive disorder,females,British Columbia,313,75,28.3,22.4,34.2,Wald,C,not significantly different
2021 SCMH,Moderate to severe symptoms of major depressive disorder,Percentage (%) of population aged 18 years and older who showed moderate to severe symptoms of major depressive disorder,females,Alberta,306,75,27.1,21.5,32.8,Wald,C,not significantly different
2021 SCMH,Moderate to severe symptoms of major depressive disorder,Percentage (%) of population aged 18 years and older who showed moderate to severe symptoms of major depressive disorder,females,Saskatchewan,275,60,21.3,15.7,26.8,Wald,C,not significantly different
2021 SCMH,Moderate to severe symptoms of major depressive disorder,Percentage (%) of population aged 18 years and older who showed moderate to severe symptoms of major depressive disorder,females,Manitoba,273,58,20.4,15.3,25.5,Wald,C,not significantly different
2021 SCMH,Moderate to severe symptoms of major depressive disorder,Percentage (%) of population aged 18 years and older who showed moderate to severe symptoms of major depressive disorder,females,Ontario,535,120,24.9,20.5,29.3,Wald,C,not significantly different
2021 SCMH,Moderate to severe symptoms of major depressive disorder,Percentage (%) of population aged 18 years and older who showed moderate to severe symptoms of major depressive disorder,females,Quebec,506,62,11.9,8.6,15.2,Wald,C,significantly lower
2021 SCMH,Moderate to severe symptoms of major depressive disorder,Percentage (%) of population aged 18 years and older who showed moderate to severe symptoms of major depressive disorder,females,New Brunswick,272,62,26.5,19.5,33.6,Wald,C,not significantly different
2021 SCMH,Moderate to severe symptoms of major depressive disorder,Percentage (%) of population aged 18 years and older who showed moderate to severe symptoms of major depressive disorder,females,Nova Scotia,284,58,22.7,16.8,28.6,Wald,C,not significantly different
2021 SCMH,Moderate to severe symptoms of major depressive disorder,Percentage (%) of population aged 18 years and older who showed moderate to severe symptoms of major depressive disorder,females,Prince Edward Island,218,43,17.6,12.1,23.1,Wald,C,not significantly different
2021 SCMH,Moderate to severe symptoms of major depressive disorder,Percentage (%) of population aged 18 years and older who showed moderate to severe symptoms of major depressive disorder,females,Newfoundland And Labrador,222,40,19.3,13.0,25.6,Wald,C,not significantly different
2021 SCMH,Moderate to severe symptoms of major depressive disorder,Percentage (%) of population aged 18 years and older who showed moderate to severe symptoms of major depressive disorder,females,Yukon (Whitehorse),200,49,23.7,17.4,30.0,Wald,C,not significantly different
2021 SCMH,Moderate to severe symptoms of major depressive disorder,Percentage (%) of population aged 18 years and older who showed moderate to severe symptoms of major depressive disorder,females,Northwest Territories (Yellowknife),173,44,25.4,17.2,33.5,Wald,C,not significantly different
2021 SCMH,Moderate to severe symptoms of major depressive disorder,Percentage (%) of population aged 18 years and older who showed moderate to severe symptoms of major depressive disorder,females,Nunavut (Iqaluit),78,18,21.9,11.5,32.3,Wald,A,not significantly different
2021 SCMH,Moderate to severe symptoms of major depressive disorder,Percentage (%) of population aged 18 years and older who showed moderate to severe symptoms of major depressive disorder,males,Canada,2754,374,14.9,12.8,17.1,Wald,C,
2021 SCMH,Moderate to severe symptoms of major depressive disorder,Percentage (%) of population aged 18 years and older who showed moderate to severe symptoms of major depressive disorder,males,British Columbia,247,31,16.5,10.6,22.4,Wald,C,not significantly different
2021 SCMH,Moderate to severe symptoms of major depressive disorder,Percentage (%) of population aged 18 years and older who showed moderate to severe symptoms of major depressive disorder,males,Alberta,240,42,21.8,15.3,28.4,Wald,C,not significantly different
2021 SCMH,Moderate to severe symptoms of major depressive disorder,Percentage (%) of population aged 18 years and older who showed moderate to severe symptoms of major depressive disorder,males,Saskatchewan,181,30,18.1,11.4,24.8,Wald,C,not significantly different
2021 SCMH,Moderate to severe symptoms of major depressive disorder,Percentage (%) of population aged 18 years and older who showed moderate to severe symptoms of major depressive disorder,males,Manitoba,217,40,23.5,16.6,30.4,Wald,C,not significantly different
2021 SCMH,Moderate to severe symptoms of major depressive disorder,Percentage (%) of population aged 18 years and older who showed moderate to severe symptoms of major depressive disorder,males,Ontario,434,55,13.6,9.6,17.5,Wald,C,not significantly different
2021 SCMH,Moderate to severe symptoms of major depressive disorder,Percentage (%) of population aged 18 years and older who showed moderate to severe symptoms of major depressive disorder,males,Quebec,388,39,11.8,7.7,15.9,Wald,C,not significantly different
2021 SCMH,Moderate to severe symptoms of major depressive disorder,Percentage (%) of population aged 18 years and older who showed moderate to severe symptoms of major depressive disorder,males,New Brunswick,182,25,16.7,9.7,23.8,Wald,C,not significantly different
2021 SCMH,Moderate to severe symptoms of major depressive disorder,Percentage (%) of population aged 18 years and older who showed moderate to severe symptoms of major depressive disorder,males,Nova Scotia,200,26,11.7,6.7,16.6,Wald,C,not significantly different
2021 SCMH,Moderate to severe symptoms of major depressive disorder,Percentage (%) of population aged 18 years and older who showed moderate to severe symptoms of major depressive disorder,males,Prince Edward Island,136,20,14.9,7.5,22.3,Wald,C,not significantly different
2021 SCMH,Moderate to severe symptoms of major depressive disorder,Percentage (%) of population aged 18 years and older who showed moderate to severe symptoms of major depressive disorder,males,Newfoundland And Labrador,152,11,10.4,3.7,17.2,Wald,C,not significantly different
2021 SCMH,Moderate to severe symptoms of major depressive disorder,Percentage (%) of population aged 18 years and older who showed moderate to severe symptoms of major depressive disorder,males,Yukon (Whitehorse),146,25,24.4,14.7,34.1,Wald,C,not significantly different
2021 SCMH,Moderate to severe symptoms of major depressive disorder,Percentage (%) of population aged 18 years and older who showed moderate to severe symptoms of major depressive disorder,males,Northwest Territories (Yellowknife),163,19,10.4,5.1,15.7,Wald,C,not significantly different
2021 SCMH,Moderate to severe symptoms of major depressive disorder,Percentage (%) of population aged 18 years and older who showed moderate to severe symptoms of major depressive disorder,males,Nunavut (Iqaluit),68,11,25.1,12.1,38.0,Wald,A,not significantly different
2020 and 2021 SCMH (combined),Moderate to severe symptoms of major depressive disorder,Percentage (%) of population aged 18 years and older who showed moderate to severe symptoms of major depressive disorder,all adults,Canada,18456,2876,17.0,16.1,17.9,Wald,C,
2020 and 2021 SCMH (combined),Moderate to severe symptoms of major depressive disorder,Percentage (%) of population aged 18 years and older who showed moderate to severe symptoms of major depressive disorder,all adults,British Columbia,1683,275,19.9,17.4,22.4,Wald,C,not significantly different
2020 and 2021 SCMH (combined),Moderate to severe symptoms of major depressive disorder,Percentage (%) of population aged 18 years and older who showed moderate to severe symptoms of major depressive disorder,all adults,Alberta,1620,299,21.4,18.8,24.1,Wald,C,significantly higher
2020 and 2021 SCMH (combined),Moderate to severe symptoms of major depressive disorder,Percentage (%) of population aged 18 years and older who showed moderate to severe symptoms of major depressive disorder,all adults,Saskatchewan,1329,211,17.0,14.5,19.6,Wald,C,not significantly different
2020 and 2021 SCMH (combined),Moderate to severe symptoms of major depressive disorder,Percentage (%) of population aged 18 years and older who showed moderate to severe symptoms of major depressive disorder,all adults,Manitoba,1451,264,21.0,18.4,23.7,Wald,C,significantly higher
2020 and 2021 SCMH (combined),Moderate to severe symptoms of major depressive disorder,Percentage (%) of population aged 18 years and older who showed moderate to severe symptoms of major depressive disorder,all adults,Ontario,2899,474,17.7,15.9,19.5,Wald,C,not significantly different
2020 and 2021 SCMH (combined),Moderate to severe symptoms of major depressive disorder,Percentage (%) of population aged 18 years and older who showed moderate to severe symptoms of major depressive disorder,all adults,Quebec,2555,273,11.2,9.6,12.7,Wald,C,significantly lower
2020 and 2021 SCMH (combined),Moderate to severe symptoms of major depressive disorder,Percentage (%) of population aged 18 years and older who showed moderate to severe symptoms of major depressive disorder,all adults,New Brunswick,1310,222,19.7,16.6,22.8,Wald,C,not significantly different
2020 and 2021 SCMH (combined),Moderate to severe symptoms of major depressive disorder,Percentage (%) of population aged 18 years and older who showed moderate to severe symptoms of major depressive disorder,all adults,Nova Scotia,1425,222,17.0,14.3,19.6,Wald,C,not significantly different
2020 and 2021 SCMH (combined),Moderate to severe symptoms of major depressive disorder,Percentage (%) of population aged 18 years and older who showed moderate to severe symptoms of major depressive disorder,all adults,Prince Edward Island,1157,162,15.2,12.5,17.9,Wald,C,not significantly different
2020 and 2021 SCMH (combined),Moderate to severe symptoms of major depressive disorder,Percentage (%) of population aged 18 years and older who showed moderate to severe symptoms of major depressive disorder,all adults,Newfoundland And Labrador,1197,147,13.2,10.6,15.8,Wald,C,significantly lower
2020 and 2021 SCMH (combined),Moderate to severe symptoms of major depressive disorder,Percentage (%) of population aged 18 years and older who showed moderate to severe symptoms of major depressive disorder,all adults,Yukon (Whitehorse),759,141,19.7,16.3,23.0,Wald,C,not significantly different
2020 and 2021 SCMH (combined),Moderate to severe symptoms of major depressive disorder,Percentage (%) of population aged 18 years and older who showed moderate to severe symptoms of major depressive disorder,all adults,Northwest Territories (Yellowknife),695,115,17.4,13.9,21.0,Wald,C,not significantly different
2020 and 2021 SCMH (combined),Moderate to severe symptoms of major depressive disorder,Percentage (%) of population aged 18 years and older who showed moderate to severe symptoms of major depressive disorder,all adults,Nunavut (Iqaluit),376,71,22.5,16.7,28.2,Wald,C,not significantly different
2020 and 2021 SCMH (combined),Moderate to severe symptoms of major depressive disorder,Percentage (%) of population aged 18 years and older who showed moderate to severe symptoms of major depressive disorder,females,Canada,10533,1898,19.9,18.6,21.2,Wald,C,
2020 and 2021 SCMH (combined),Moderate to severe symptoms of major depressive disorder,Percentage (%) of population aged 18 years and older who showed moderate to severe symptoms of major depressive disorder,females,British Columbia,938,173,22.9,19.5,26.4,Wald,C,not significantly different
2020 and 2021 SCMH (combined),Moderate to severe symptoms of major depressive disorder,Percentage (%) of population aged 18 years and older who showed moderate to severe symptoms of major depressive disorder,females,Alberta,894,191,24.6,21.0,28.2,Wald,C,not significantly different
2020 and 2021 SCMH (combined),Moderate to severe symptoms of major depressive disorder,Percentage (%) of population aged 18 years and older who showed moderate to severe symptoms of major depressive disorder,females,Saskatchewan,792,144,18.4,15.1,21.7,Wald,C,not significantly different
2020 and 2021 SCMH (combined),Moderate to severe symptoms of major depressive disorder,Percentage (%) of population aged 18 years and older who showed moderate to severe symptoms of major depressive disorder,females,Manitoba,819,158,21.1,17.7,24.6,Wald,C,not significantly different
2020 and 2021 SCMH (combined),Moderate to severe symptoms of major depressive disorder,Percentage (%) of population aged 18 years and older who showed moderate to severe symptoms of major depressive disorder,females,Ontario,1604,310,21.9,19.2,24.5,Wald,C,not significantly different
2020 and 2021 SCMH (combined),Moderate to severe symptoms of major depressive disorder,Percentage (%) of population aged 18 years and older who showed moderate to severe symptoms of major depressive disorder,females,Quebec,1445,170,12.2,10.1,14.3,Wald,C,significantly lower
2020 and 2021 SCMH (combined),Moderate to severe symptoms of major depressive disorder,Percentage (%) of population aged 18 years and older who showed moderate to severe symptoms of major depressive disorder,females,New Brunswick,772,145,21.8,17.7,26.0,Wald,C,not significantly different
2020 and 2021 SCMH (combined),Moderate to severe symptoms of major depressive disorder,Percentage (%) of population aged 18 years and older who showed moderate to severe symptoms of major depressive disorder,females,Nova Scotia,861,160,21.4,17.7,25.0,Wald,C,not significantly different
2020 and 2021 SCMH (combined),Moderate to severe symptoms of major depressive disorder,Percentage (%) of population aged 18 years and older who showed moderate to severe symptoms of major depressive disorder,females,Prince Edward Island,712,113,16.6,13.1,20.0,Wald,C,not significantly different
2020 and 2021 SCMH (combined),Moderate to severe symptoms of major depressive disorder,Percentage (%) of population aged 18 years and older who showed moderate to severe symptoms of major depressive disorder,females,Newfoundland And Labrador,681,105,16.7,13.1,20.3,Wald,C,not significantly different
2020 and 2021 SCMH (combined),Moderate to severe symptoms of major depressive disorder,Percentage (%) of population aged 18 years and older who showed moderate to severe symptoms of major depressive disorder,females,Yukon (Whitehorse),448,101,23.5,19.1,27.9,Wald,C,not significantly different
2020 and 2021 SCMH (combined),Moderate to severe symptoms of major depressive disorder,Percentage (%) of population aged 18 years and older who showed moderate to severe symptoms of major depressive disorder,females,Northwest Territories (Yellowknife),363,79,23.0,17.5,28.4,Wald,C,not significantly different
2020 and 2021 SCMH (combined),Moderate to severe symptoms of major depressive disorder,Percentage (%) of population aged 18 years and older who showed moderate to severe symptoms of major depressive disorder,females,Nunavut (Iqaluit),204,49,26.7,18.7,34.7,Wald,C,not significantly different
2020 and 2021 SCMH (combined),Moderate to severe symptoms of major depressive disorder,Percentage (%) of population aged 18 years and older who showed moderate to severe symptoms of major depressive disorder,males,Canada,7888,959,13.8,12.5,15.0,Wald,C,
2020 and 2021 SCMH (combined),Moderate to severe symptoms of major depressive disorder,Percentage (%) of population aged 18 years and older who showed moderate to severe symptoms of major depressive disorder,males,British Columbia,742,101,16.7,13.0,20.4,Wald,C,not significantly different
2020 and 2021 SCMH (combined),Moderate to severe symptoms of major depressive disorder,Percentage (%) of population aged 18 years and older who showed moderate to severe symptoms of major depressive disorder,males,Alberta,722,105,17.9,14.1,21.7,Wald,C,not significantly different
2020 and 2021 SCMH (combined),Moderate to severe symptoms of major depressive disorder,Percentage (%) of population aged 18 years and older who showed moderate to severe symptoms of major depressive disorder,males,Saskatchewan,534,66,15.6,11.5,19.7,Wald,C,not significantly different
2020 and 2021 SCMH (combined),Moderate to severe symptoms of major depressive disorder,Percentage (%) of population aged 18 years and older who showed moderate to severe symptoms of major depressive disorder,males,Manitoba,628,103,20.3,16.2,24.5,Wald,C,significantly higher
2020 and 2021 SCMH (combined),Moderate to severe symptoms of major depressive disorder,Percentage (%) of population aged 18 years and older who showed moderate to severe symptoms of major depressive disorder,males,Ontario,1288,161,13.1,10.7,15.5,Wald,C,not significantly different
2020 and 2021 SCMH (combined),Moderate to severe symptoms of major depressive disorder,Percentage (%) of population aged 18 years and older who showed moderate to severe symptoms of major depressive disorder,males,Quebec,1106,101,10.0,7.7,12.3,Wald,C,significantly lower
2020 and 2021 SCMH (combined),Moderate to severe symptoms of major depressive disorder,Percentage (%) of population aged 18 years and older who showed moderate to severe symptoms of major depressive disorder,males,New Brunswick,537,76,17.2,12.8,21.7,Wald,C,not significantly different
2020 and 2021 SCMH (combined),Moderate to severe symptoms of major depressive disorder,Percentage (%) of population aged 18 years and older who showed moderate to severe symptoms of major depressive disorder,males,Nova Scotia,563,61,12.3,8.5,16.0,Wald,C,not significantly different
2020 and 2021 SCMH (combined),Moderate to severe symptoms of major depressive disorder,Percentage (%) of population aged 18 years and older who showed moderate to severe symptoms of major depressive disorder,males,Prince Edward Island,444,49,13.8,9.5,18.0,Wald,C,not significantly different
2020 and 2021 SCMH (combined),Moderate to severe symptoms of major depressive disorder,Percentage (%) of population aged 18 years and older who showed moderate to severe symptoms of major depressive disorder,males,Newfoundland And Labrador,515,41,9.5,5.8,13.2,Wald,C,not significantly different
2020 and 2021 SCMH (combined),Moderate to severe symptoms of major depressive disorder,Percentage (%) of population aged 18 years and older who showed moderate to severe symptoms of major depressive disorder,males,Yukon (Whitehorse),306,38,15.7,10.3,21.0,Wald,C,not significantly different
2020 and 2021 SCMH (combined),Moderate to severe symptoms of major depressive disorder,Percentage (%) of population aged 18 years and older who showed moderate to severe symptoms of major depressive disorder,males,Northwest Territories (Yellowknife),331,35,11.8,7.2,16.5,Wald,C,not significantly different
2020 and 2021 SCMH (combined),Moderate to severe symptoms of major depressive disorder,Percentage (%) of population aged 18 years and older who showed moderate to severe symptoms of major depressive disorder,males,Nunavut (Iqaluit),172,22,17.9,9.8,26.1,Wald,C,not significantly different
2020 SCMH,Moderate to severe symptoms of post-traumatic stress disorder (PTSD),Percentage (%) of population aged 18 years and older who showed moderate to severe symptoms of post-traumatic stress disorder (PTSD),all adults,Canada,11800,743,6.3,5.6,7.0,Wald,C,
2020 SCMH,Moderate to severe symptoms of post-traumatic stress disorder (PTSD),Percentage (%) of population aged 18 years and older who showed moderate to severe symptoms of post-traumatic stress disorder (PTSD),all adults,British Columbia,1097,61,6.0,4.2,7.8,Wald,C,not significantly different
2020 SCMH,Moderate to severe symptoms of post-traumatic stress disorder (PTSD),Percentage (%) of population aged 18 years and older who showed moderate to severe symptoms of post-traumatic stress disorder (PTSD),all adults,Alberta,1050,76,7.3,5.5,9.1,Wald,C,not significantly different
2020 SCMH,Moderate to severe symptoms of post-traumatic stress disorder (PTSD),Percentage (%) of population aged 18 years and older who showed moderate to severe symptoms of post-traumatic stress disorder (PTSD),all adults,Saskatchewan,859,44,3.9,2.6,5.2,Wald,C,significantly lower
2020 SCMH,Moderate to severe symptoms of post-traumatic stress disorder (PTSD),Percentage (%) of population aged 18 years and older who showed moderate to severe symptoms of post-traumatic stress disorder (PTSD),all adults,Manitoba,942,80,9.3,6.9,11.8,Wald,C,not significantly different
2020 SCMH,Moderate to severe symptoms of post-traumatic stress disorder (PTSD),Percentage (%) of population aged 18 years and older who showed moderate to severe symptoms of post-traumatic stress disorder (PTSD),all adults,Ontario,1902,134,6.8,5.5,8.1,Wald,C,not significantly different
2020 SCMH,Moderate to severe symptoms of post-traumatic stress disorder (PTSD),Percentage (%) of population aged 18 years and older who showed moderate to severe symptoms of post-traumatic stress disorder (PTSD),all adults,Quebec,1640,77,4.8,3.6,6.1,Wald,C,not significantly different
2020 SCMH,Moderate to severe symptoms of post-traumatic stress disorder (PTSD),Percentage (%) of population aged 18 years and older who showed moderate to severe symptoms of post-traumatic stress disorder (PTSD),all adults,New Brunswick,834,56,7.0,4.6,9.3,Wald,C,not significantly different
2020 SCMH,Moderate to severe symptoms of post-traumatic stress disorder (PTSD),Percentage (%) of population aged 18 years and older who showed moderate to severe symptoms of post-traumatic stress disorder (PTSD),all adults,Nova Scotia,920,65,7.8,5.4,10.2,Wald,C,not significantly different
2020 SCMH,Moderate to severe symptoms of post-traumatic stress disorder (PTSD),Percentage (%) of population aged 18 years and older who showed moderate to severe symptoms of post-traumatic stress disorder (PTSD),all adults,Prince Edward Island,777,37,5.6,3.3,7.8,Wald,C,not significantly different
2020 SCMH,Moderate to severe symptoms of post-traumatic stress disorder (PTSD),Percentage (%) of population aged 18 years and older who showed moderate to severe symptoms of post-traumatic stress disorder (PTSD),all adults,Newfoundland And Labrador,802,44,5.4,3.7,7.1,Wald,C,not significantly different
2020 SCMH,Moderate to severe symptoms of post-traumatic stress disorder (PTSD),Percentage (%) of population aged 18 years and older who showed moderate to severe symptoms of post-traumatic stress disorder (PTSD),all adults,Yukon (Whitehorse),405,29,6.2,3.8,8.6,Wald,C,not significantly different
2020 SCMH,Moderate to severe symptoms of post-traumatic stress disorder (PTSD),Percentage (%) of population aged 18 years and older who showed moderate to severe symptoms of post-traumatic stress disorder (PTSD),all adults,Northwest Territories (Yellowknife),349,25,8.3,4.5,12.0,Wald,C,not significantly different
2020 SCMH,Moderate to severe symptoms of post-traumatic stress disorder (PTSD),Percentage (%) of population aged 18 years and older who showed moderate to severe symptoms of post-traumatic stress disorder (PTSD),all adults,Nunavut (Iqaluit),223,15,8.0,2.0,14.0,Wald,C,not significantly different
2020 SCMH,Moderate to severe symptoms of post-traumatic stress disorder (PTSD),Percentage (%) of population aged 18 years and older who showed moderate to severe symptoms of post-traumatic stress disorder (PTSD),females,Canada,6749,512,7.9,6.9,8.9,Wald,C,
2020 SCMH,Moderate to severe symptoms of post-traumatic stress disorder (PTSD),Percentage (%) of population aged 18 years and older who showed moderate to severe symptoms of post-traumatic stress disorder (PTSD),females,British Columbia,619,45,8.1,5.5,10.7,Wald,C,not significantly different
2020 SCMH,Moderate to severe symptoms of post-traumatic stress disorder (PTSD),Percentage (%) of population aged 18 years and older who showed moderate to severe symptoms of post-traumatic stress disorder (PTSD),females,Alberta,571,51,9.6,6.7,12.5,Wald,C,not significantly different
2020 SCMH,Moderate to severe symptoms of post-traumatic stress disorder (PTSD),Percentage (%) of population aged 18 years and older who showed moderate to severe symptoms of post-traumatic stress disorder (PTSD),females,Saskatchewan,511,37,5.8,3.7,7.9,Wald,C,not significantly different
2020 SCMH,Moderate to severe symptoms of post-traumatic stress disorder (PTSD),Percentage (%) of population aged 18 years and older who showed moderate to severe symptoms of post-traumatic stress disorder (PTSD),females,Manitoba,534,50,11.4,7.4,15.5,Wald,C,not significantly different
2020 SCMH,Moderate to severe symptoms of post-traumatic stress disorder (PTSD),Percentage (%) of population aged 18 years and older who showed moderate to severe symptoms of post-traumatic stress disorder (PTSD),females,Ontario,1055,87,8.5,6.5,10.4,Wald,C,not significantly different
2020 SCMH,Moderate to severe symptoms of post-traumatic stress disorder (PTSD),Percentage (%) of population aged 18 years and older who showed moderate to severe symptoms of post-traumatic stress disorder (PTSD),females,Quebec,925,47,5.7,3.8,7.6,Wald,C,not significantly different
2020 SCMH,Moderate to severe symptoms of post-traumatic stress disorder (PTSD),Percentage (%) of population aged 18 years and older who showed moderate to severe symptoms of post-traumatic stress disorder (PTSD),females,New Brunswick,486,36,7.4,4.5,10.4,Wald,C,not significantly different
2020 SCMH,Moderate to severe symptoms of post-traumatic stress disorder (PTSD),Percentage (%) of population aged 18 years and older who showed moderate to severe symptoms of post-traumatic stress disorder (PTSD),females,Nova Scotia,564,48,9.6,6.6,12.5,Wald,C,not significantly different
2020 SCMH,Moderate to severe symptoms of post-traumatic stress disorder (PTSD),Percentage (%) of population aged 18 years and older who showed moderate to severe symptoms of post-traumatic stress disorder (PTSD),females,Prince Edward Island,479,27,6.0,3.4,8.5,Wald,C,not significantly different
2020 SCMH,Moderate to severe symptoms of post-traumatic stress disorder (PTSD),Percentage (%) of population aged 18 years and older who showed moderate to severe symptoms of post-traumatic stress disorder (PTSD),females,Newfoundland And Labrador,446,30,6.5,4.1,8.9,Wald,C,not significantly different
2020 SCMH,Moderate to severe symptoms of post-traumatic stress disorder (PTSD),Percentage (%) of population aged 18 years and older who showed moderate to severe symptoms of post-traumatic stress disorder (PTSD),females,Yukon (Whitehorse),243,26,10.7,6.4,15.0,Wald,C,not significantly different
2020 SCMH,Moderate to severe symptoms of post-traumatic stress disorder (PTSD),Percentage (%) of population aged 18 years and older who showed moderate to severe symptoms of post-traumatic stress disorder (PTSD),females,Northwest Territories (Yellowknife),191,16,9.3,4.0,14.7,Wald,C,not significantly different
2020 SCMH,Moderate to severe symptoms of post-traumatic stress disorder (PTSD),Percentage (%) of population aged 18 years and older who showed moderate to severe symptoms of post-traumatic stress disorder (PTSD),females,Nunavut (Iqaluit),125,12,12.6,2.3,22.9,Wald,C,not significantly different
2020 SCMH,Moderate to severe symptoms of post-traumatic stress disorder (PTSD),Percentage (%) of population aged 18 years and older who showed moderate to severe symptoms of post-traumatic stress disorder (PTSD),males,Canada,5025,222,4.4,3.6,5.3,Wald,C,
2020 SCMH,Moderate to severe symptoms of post-traumatic stress disorder (PTSD),Percentage (%) of population aged 18 years and older who showed moderate to severe symptoms of post-traumatic stress disorder (PTSD),males,British Columbia,475,16,3.8,1.3,6.2,Wald,C,not significantly different
2020 SCMH,Moderate to severe symptoms of post-traumatic stress disorder (PTSD),Percentage (%) of population aged 18 years and older who showed moderate to severe symptoms of post-traumatic stress disorder (PTSD),males,Alberta,477,24,4.9,2.7,7.0,Wald,C,not significantly different
2020 SCMH,Moderate to severe symptoms of post-traumatic stress disorder (PTSD),Percentage (%) of population aged 18 years and older who showed moderate to severe symptoms of post-traumatic stress disorder (PTSD),males,Saskatchewan,345,6,1.7,0.2,3.2,Wald,C,significantly lower
2020 SCMH,Moderate to severe symptoms of post-traumatic stress disorder (PTSD),Percentage (%) of population aged 18 years and older who showed moderate to severe symptoms of post-traumatic stress disorder (PTSD),males,Manitoba,404,28,6.3,3.7,8.9,Wald,C,not significantly different
2020 SCMH,Moderate to severe symptoms of post-traumatic stress disorder (PTSD),Percentage (%) of population aged 18 years and older who showed moderate to severe symptoms of post-traumatic stress disorder (PTSD),males,Ontario,843,45,4.8,3.2,6.4,Wald,C,not significantly different
2020 SCMH,Moderate to severe symptoms of post-traumatic stress disorder (PTSD),Percentage (%) of population aged 18 years and older who showed moderate to severe symptoms of post-traumatic stress disorder (PTSD),males,Quebec,711,28,3.7,2.2,5.2,Wald,C,not significantly different
2020 SCMH,Moderate to severe symptoms of post-traumatic stress disorder (PTSD),Percentage (%) of population aged 18 years and older who showed moderate to severe symptoms of post-traumatic stress disorder (PTSD),males,New Brunswick,348,20,6.5,2.9,10.0,Wald,C,not significantly different
2020 SCMH,Moderate to severe symptoms of post-traumatic stress disorder (PTSD),Percentage (%) of population aged 18 years and older who showed moderate to severe symptoms of post-traumatic stress disorder (PTSD),males,Nova Scotia,355,17,5.9,2.1,9.8,Wald,C,not significantly different
2020 SCMH,Moderate to severe symptoms of post-traumatic stress disorder (PTSD),Percentage (%) of population aged 18 years and older who showed moderate to severe symptoms of post-traumatic stress disorder (PTSD),males,Prince Edward Island,297,10,5.2,1.4,9.1,Wald,C,not significantly different
2020 SCMH,Moderate to severe symptoms of post-traumatic stress disorder (PTSD),Percentage (%) of population aged 18 years and older who showed moderate to severe symptoms of post-traumatic stress disorder (PTSD),males,Newfoundland And Labrador,355,13,4.0,1.5,6.4,Wald,C,not significantly different
2020 SCMH,Moderate to severe symptoms of post-traumatic stress disorder (PTSD),Percentage (%) of population aged 18 years and older who showed moderate to severe symptoms of post-traumatic stress disorder (PTSD),males,Yukon (Whitehorse),159,< 5,,,,Wald,B,
2020 SCMH,Moderate to severe symptoms of post-traumatic stress disorder (PTSD),Percentage (%) of population aged 18 years and older who showed moderate to severe symptoms of post-traumatic stress disorder (PTSD),males,Northwest Territories (Yellowknife),158,9,7.2,1.7,12.6,Wald,C,not significantly different
2020 SCMH,Moderate to severe symptoms of post-traumatic stress disorder (PTSD),Percentage (%) of population aged 18 years and older who showed moderate to severe symptoms of post-traumatic stress disorder (PTSD),males,Nunavut (Iqaluit),98,< 5,,,,Wald,B,
2021 SCMH,Moderate to severe symptoms of post-traumatic stress disorder (PTSD),Percentage (%) of population aged 18 years and older who showed moderate to severe symptoms of post-traumatic stress disorder (PTSD),all adults,Canada,6329,477,7.5,6.4,8.5,Wald,C,
2021 SCMH,Moderate to severe symptoms of post-traumatic stress disorder (PTSD),Percentage (%) of population aged 18 years and older who showed moderate to severe symptoms of post-traumatic stress disorder (PTSD),all adults,British Columbia,549,37,8.6,5.4,11.8,Wald,C,not significantly different
2021 SCMH,Moderate to severe symptoms of post-traumatic stress disorder (PTSD),Percentage (%) of population aged 18 years and older who showed moderate to severe symptoms of post-traumatic stress disorder (PTSD),all adults,Alberta,537,52,9.1,6.5,11.6,Wald,C,not significantly different
2021 SCMH,Moderate to severe symptoms of post-traumatic stress disorder (PTSD),Percentage (%) of population aged 18 years and older who showed moderate to severe symptoms of post-traumatic stress disorder (PTSD),all adults,Saskatchewan,453,34,6.6,4.0,9.2,Wald,C,not significantly different
2021 SCMH,Moderate to severe symptoms of post-traumatic stress disorder (PTSD),Percentage (%) of population aged 18 years and older who showed moderate to severe symptoms of post-traumatic stress disorder (PTSD),all adults,Manitoba,480,36,8.5,5.1,11.9,Wald,C,not significantly different
2021 SCMH,Moderate to severe symptoms of post-traumatic stress disorder (PTSD),Percentage (%) of population aged 18 years and older who showed moderate to severe symptoms of post-traumatic stress disorder (PTSD),all adults,Ontario,962,75,8.1,6.0,10.2,Wald,C,not significantly different
2021 SCMH,Moderate to severe symptoms of post-traumatic stress disorder (PTSD),Percentage (%) of population aged 18 years and older who showed moderate to severe symptoms of post-traumatic stress disorder (PTSD),all adults,Quebec,885,43,5.0,3.2,6.7,Wald,C,not significantly different
2021 SCMH,Moderate to severe symptoms of post-traumatic stress disorder (PTSD),Percentage (%) of population aged 18 years and older who showed moderate to severe symptoms of post-traumatic stress disorder (PTSD),all adults,New Brunswick,443,36,7.7,4.8,10.6,Wald,C,not significantly different
2021 SCMH,Moderate to severe symptoms of post-traumatic stress disorder (PTSD),Percentage (%) of population aged 18 years and older who showed moderate to severe symptoms of post-traumatic stress disorder (PTSD),all adults,Nova Scotia,474,37,7.5,4.8,10.2,Wald,C,not significantly different
2021 SCMH,Moderate to severe symptoms of post-traumatic stress disorder (PTSD),Percentage (%) of population aged 18 years and older who showed moderate to severe symptoms of post-traumatic stress disorder (PTSD),all adults,Prince Edward Island,350,35,7.7,4.9,10.6,Wald,C,not significantly different
2021 SCMH,Moderate to severe symptoms of post-traumatic stress disorder (PTSD),Percentage (%) of population aged 18 years and older who showed moderate to severe symptoms of post-traumatic stress disorder (PTSD),all adults,Newfoundland And Labrador,371,21,5.8,3.0,8.6,Wald,C,not significantly different
2021 SCMH,Moderate to severe symptoms of post-traumatic stress disorder (PTSD),Percentage (%) of population aged 18 years and older who showed moderate to severe symptoms of post-traumatic stress disorder (PTSD),all adults,Yukon (Whitehorse),345,28,7.8,4.6,11.0,Wald,C,not significantly different
2021 SCMH,Moderate to severe symptoms of post-traumatic stress disorder (PTSD),Percentage (%) of population aged 18 years and older who showed moderate to severe symptoms of post-traumatic stress disorder (PTSD),all adults,Northwest Territories (Yellowknife),334,29,8.4,4.8,11.9,Wald,C,not significantly different
2021 SCMH,Moderate to severe symptoms of post-traumatic stress disorder (PTSD),Percentage (%) of population aged 18 years and older who showed moderate to severe symptoms of post-traumatic stress disorder (PTSD),all adults,Nunavut (Iqaluit),146,14,11.5,4.9,18.1,Wald,C,not significantly different
2021 SCMH,Moderate to severe symptoms of post-traumatic stress disorder (PTSD),Percentage (%) of population aged 18 years and older who showed moderate to severe symptoms of post-traumatic stress disorder (PTSD),females,Canada,3596,325,9.2,7.6,10.8,Wald,C,
2021 SCMH,Moderate to severe symptoms of post-traumatic stress disorder (PTSD),Percentage (%) of population aged 18 years and older who showed moderate to severe symptoms of post-traumatic stress disorder (PTSD),females,British Columbia,305,24,9.5,5.3,13.6,Wald,C,not significantly different
2021 SCMH,Moderate to severe symptoms of post-traumatic stress disorder (PTSD),Percentage (%) of population aged 18 years and older who showed moderate to severe symptoms of post-traumatic stress disorder (PTSD),females,Alberta,303,34,10.5,6.9,14.1,Wald,C,not significantly different
2021 SCMH,Moderate to severe symptoms of post-traumatic stress disorder (PTSD),Percentage (%) of population aged 18 years and older who showed moderate to severe symptoms of post-traumatic stress disorder (PTSD),females,Saskatchewan,272,25,9.3,4.9,13.6,Wald,C,not significantly different
2021 SCMH,Moderate to severe symptoms of post-traumatic stress disorder (PTSD),Percentage (%) of population aged 18 years and older who showed moderate to severe symptoms of post-traumatic stress disorder (PTSD),females,Manitoba,267,19,7.6,3.1,12.1,Wald,C,not significantly different
2021 SCMH,Moderate to severe symptoms of post-traumatic stress disorder (PTSD),Percentage (%) of population aged 18 years and older who showed moderate to severe symptoms of post-traumatic stress disorder (PTSD),females,Ontario,527,51,10.8,7.5,14.0,Wald,C,not significantly different
2021 SCMH,Moderate to severe symptoms of post-traumatic stress disorder (PTSD),Percentage (%) of population aged 18 years and older who showed moderate to severe symptoms of post-traumatic stress disorder (PTSD),females,Quebec,504,27,5.8,3.2,8.5,Wald,C,not significantly different
2021 SCMH,Moderate to severe symptoms of post-traumatic stress disorder (PTSD),Percentage (%) of population aged 18 years and older who showed moderate to severe symptoms of post-traumatic stress disorder (PTSD),females,New Brunswick,263,25,9.9,5.4,14.5,Wald,C,not significantly different
2021 SCMH,Moderate to severe symptoms of post-traumatic stress disorder (PTSD),Percentage (%) of population aged 18 years and older who showed moderate to severe symptoms of post-traumatic stress disorder (PTSD),females,Nova Scotia,276,29,11.2,6.6,15.8,Wald,C,not significantly different
2021 SCMH,Moderate to severe symptoms of post-traumatic stress disorder (PTSD),Percentage (%) of population aged 18 years and older who showed moderate to severe symptoms of post-traumatic stress disorder (PTSD),females,Prince Edward Island,217,27,11.8,6.6,16.9,Wald,C,not significantly different
2021 SCMH,Moderate to severe symptoms of post-traumatic stress disorder (PTSD),Percentage (%) of population aged 18 years and older who showed moderate to severe symptoms of post-traumatic stress disorder (PTSD),females,Newfoundland And Labrador,218,11,4.2,1.5,6.9,Wald,C,significantly lower
2021 SCMH,Moderate to severe symptoms of post-traumatic stress disorder (PTSD),Percentage (%) of population aged 18 years and older who showed moderate to severe symptoms of post-traumatic stress disorder (PTSD),females,Yukon (Whitehorse),194,22,10.9,6.2,15.6,Wald,C,not significantly different
2021 SCMH,Moderate to severe symptoms of post-traumatic stress disorder (PTSD),Percentage (%) of population aged 18 years and older who showed moderate to severe symptoms of post-traumatic stress disorder (PTSD),females,Northwest Territories (Yellowknife),170,21,11.7,5.9,17.5,Wald,C,not significantly different
2021 SCMH,Moderate to severe symptoms of post-traumatic stress disorder (PTSD),Percentage (%) of population aged 18 years and older who showed moderate to severe symptoms of post-traumatic stress disorder (PTSD),females,Nunavut (Iqaluit),80,10,13.3,5.2,21.3,Wald,A,not significantly different
2021 SCMH,Moderate to severe symptoms of post-traumatic stress disorder (PTSD),Percentage (%) of population aged 18 years and older who showed moderate to severe symptoms of post-traumatic stress disorder (PTSD),males,Canada,2723,147,5.6,4.2,6.9,Wald,C,
2021 SCMH,Moderate to severe symptoms of post-traumatic stress disorder (PTSD),Percentage (%) of population aged 18 years and older who showed moderate to severe symptoms of post-traumatic stress disorder (PTSD),males,British Columbia,243,13,7.7,2.9,12.4,Wald,C,not significantly different
2021 SCMH,Moderate to severe symptoms of post-traumatic stress disorder (PTSD),Percentage (%) of population aged 18 years and older who showed moderate to severe symptoms of post-traumatic stress disorder (PTSD),males,Alberta,232,17,7.3,3.6,11.0,Wald,C,not significantly different
2021 SCMH,Moderate to severe symptoms of post-traumatic stress disorder (PTSD),Percentage (%) of population aged 18 years and older who showed moderate to severe symptoms of post-traumatic stress disorder (PTSD),males,Saskatchewan,181,9,4.0,1.0,6.9,Wald,C,not significantly different
2021 SCMH,Moderate to severe symptoms of post-traumatic stress disorder (PTSD),Percentage (%) of population aged 18 years and older who showed moderate to severe symptoms of post-traumatic stress disorder (PTSD),males,Manitoba,213,17,9.4,4.4,14.4,Wald,C,not significantly different
2021 SCMH,Moderate to severe symptoms of post-traumatic stress disorder (PTSD),Percentage (%) of population aged 18 years and older who showed moderate to severe symptoms of post-traumatic stress disorder (PTSD),males,Ontario,432,23,5.1,2.8,7.5,Wald,C,not significantly different
2021 SCMH,Moderate to severe symptoms of post-traumatic stress disorder (PTSD),Percentage (%) of population aged 18 years and older who showed moderate to severe symptoms of post-traumatic stress disorder (PTSD),males,Quebec,381,16,4.0,1.8,6.3,Wald,C,not significantly different
2021 SCMH,Moderate to severe symptoms of post-traumatic stress disorder (PTSD),Percentage (%) of population aged 18 years and older who showed moderate to severe symptoms of post-traumatic stress disorder (PTSD),males,New Brunswick,179,10,4.8,1.6,8.0,Wald,C,not significantly different
2021 SCMH,Moderate to severe symptoms of post-traumatic stress disorder (PTSD),Percentage (%) of population aged 18 years and older who showed moderate to severe symptoms of post-traumatic stress disorder (PTSD),males,Nova Scotia,198,8,3.6,0.7,6.6,Wald,C,not significantly different
2021 SCMH,Moderate to severe symptoms of post-traumatic stress disorder (PTSD),Percentage (%) of population aged 18 years and older who showed moderate to severe symptoms of post-traumatic stress disorder (PTSD),males,Prince Edward Island,133,8,3.6,0.8,6.3,Wald,C,not significantly different
2021 SCMH,Moderate to severe symptoms of post-traumatic stress disorder (PTSD),Percentage (%) of population aged 18 years and older who showed moderate to severe symptoms of post-traumatic stress disorder (PTSD),males,Newfoundland And Labrador,153,10,7.3,2.4,12.2,Wald,C,not significantly different
2021 SCMH,Moderate to severe symptoms of post-traumatic stress disorder (PTSD),Percentage (%) of population aged 18 years and older who showed moderate to severe symptoms of post-traumatic stress disorder (PTSD),males,Yukon (Whitehorse),149,5,4.4,0.3,8.5,Wald,C,not significantly different
2021 SCMH,Moderate to severe symptoms of post-traumatic stress disorder (PTSD),Percentage (%) of population aged 18 years and older who showed moderate to severe symptoms of post-traumatic stress disorder (PTSD),males,Northwest Territories (Yellowknife),163,7,4.6,0.9,8.4,Wald,C,not significantly different
2021 SCMH,Moderate to severe symptoms of post-traumatic stress disorder (PTSD),Percentage (%) of population aged 18 years and older who showed moderate to severe symptoms of post-traumatic stress disorder (PTSD),males,Nunavut (Iqaluit),66,< 5,,,,Wald,B,
2020 and 2021 SCMH (combined),Moderate to severe symptoms of post-traumatic stress disorder (PTSD),Percentage (%) of population aged 18 years and older who showed moderate to severe symptoms of post-traumatic stress disorder (PTSD),all adults,Canada,18129,1220,6.9,6.3,7.5,Wald,C,
2020 and 2021 SCMH (combined),Moderate to severe symptoms of post-traumatic stress disorder (PTSD),Percentage (%) of population aged 18 years and older who showed moderate to severe symptoms of post-traumatic stress disorder (PTSD),all adults,British Columbia,1646,98,7.3,5.4,9.1,Wald,C,not significantly different
2020 and 2021 SCMH (combined),Moderate to severe symptoms of post-traumatic stress disorder (PTSD),Percentage (%) of population aged 18 years and older who showed moderate to severe symptoms of post-traumatic stress disorder (PTSD),all adults,Alberta,1587,128,8.2,6.6,9.8,Wald,C,not significantly different
2020 and 2021 SCMH (combined),Moderate to severe symptoms of post-traumatic stress disorder (PTSD),Percentage (%) of population aged 18 years and older who showed moderate to severe symptoms of post-traumatic stress disorder (PTSD),all adults,Saskatchewan,1312,78,5.2,3.8,6.7,Wald,C,not significantly different
2020 and 2021 SCMH (combined),Moderate to severe symptoms of post-traumatic stress disorder (PTSD),Percentage (%) of population aged 18 years and older who showed moderate to severe symptoms of post-traumatic stress disorder (PTSD),all adults,Manitoba,1422,116,8.9,6.9,11.0,Wald,C,not significantly different
2020 and 2021 SCMH (combined),Moderate to severe symptoms of post-traumatic stress disorder (PTSD),Percentage (%) of population aged 18 years and older who showed moderate to severe symptoms of post-traumatic stress disorder (PTSD),all adults,Ontario,2864,209,7.4,6.2,8.7,Wald,C,not significantly different
2020 and 2021 SCMH (combined),Moderate to severe symptoms of post-traumatic stress disorder (PTSD),Percentage (%) of population aged 18 years and older who showed moderate to severe symptoms of post-traumatic stress disorder (PTSD),all adults,Quebec,2525,120,4.9,3.8,6.0,Wald,C,significantly lower
2020 and 2021 SCMH (combined),Moderate to severe symptoms of post-traumatic stress disorder (PTSD),Percentage (%) of population aged 18 years and older who showed moderate to severe symptoms of post-traumatic stress disorder (PTSD),all adults,New Brunswick,1277,92,7.3,5.4,9.2,Wald,C,not significantly different
2020 and 2021 SCMH (combined),Moderate to severe symptoms of post-traumatic stress disorder (PTSD),Percentage (%) of population aged 18 years and older who showed moderate to severe symptoms of post-traumatic stress disorder (PTSD),all adults,Nova Scotia,1394,102,7.7,5.8,9.5,Wald,C,not significantly different
2020 and 2021 SCMH (combined),Moderate to severe symptoms of post-traumatic stress disorder (PTSD),Percentage (%) of population aged 18 years and older who showed moderate to severe symptoms of post-traumatic stress disorder (PTSD),all adults,Prince Edward Island,1127,72,6.7,4.8,8.6,Wald,C,not significantly different
2020 and 2021 SCMH (combined),Moderate to severe symptoms of post-traumatic stress disorder (PTSD),Percentage (%) of population aged 18 years and older who showed moderate to severe symptoms of post-traumatic stress disorder (PTSD),all adults,Newfoundland And Labrador,1173,65,5.6,3.9,7.3,Wald,C,not significantly different
2020 and 2021 SCMH (combined),Moderate to severe symptoms of post-traumatic stress disorder (PTSD),Percentage (%) of population aged 18 years and older who showed moderate to severe symptoms of post-traumatic stress disorder (PTSD),all adults,Yukon (Whitehorse),750,57,7.0,5.0,9.0,Wald,C,not significantly different
2020 and 2021 SCMH (combined),Moderate to severe symptoms of post-traumatic stress disorder (PTSD),Percentage (%) of population aged 18 years and older who showed moderate to severe symptoms of post-traumatic stress disorder (PTSD),all adults,Northwest Territories (Yellowknife),683,54,8.3,5.7,10.9,Wald,C,not significantly different
2020 and 2021 SCMH (combined),Moderate to severe symptoms of post-traumatic stress disorder (PTSD),Percentage (%) of population aged 18 years and older who showed moderate to severe symptoms of post-traumatic stress disorder (PTSD),all adults,Nunavut (Iqaluit),369,29,9.7,5.3,14.1,Wald,C,not significantly different
2020 and 2021 SCMH (combined),Moderate to severe symptoms of post-traumatic stress disorder (PTSD),Percentage (%) of population aged 18 years and older who showed moderate to severe symptoms of post-traumatic stress disorder (PTSD),females,Canada,10345,837,8.6,7.6,9.5,Wald,C,
2020 and 2021 SCMH (combined),Moderate to severe symptoms of post-traumatic stress disorder (PTSD),Percentage (%) of population aged 18 years and older who showed moderate to severe symptoms of post-traumatic stress disorder (PTSD),females,British Columbia,924,69,8.8,6.4,11.2,Wald,C,not significantly different
2020 and 2021 SCMH (combined),Moderate to severe symptoms of post-traumatic stress disorder (PTSD),Percentage (%) of population aged 18 years and older who showed moderate to severe symptoms of post-traumatic stress disorder (PTSD),females,Alberta,874,85,10.0,7.7,12.4,Wald,C,not significantly different
2020 and 2021 SCMH (combined),Moderate to severe symptoms of post-traumatic stress disorder (PTSD),Percentage (%) of population aged 18 years and older who showed moderate to severe symptoms of post-traumatic stress disorder (PTSD),females,Saskatchewan,783,62,7.5,5.1,9.9,Wald,C,not significantly different
2020 and 2021 SCMH (combined),Moderate to severe symptoms of post-traumatic stress disorder (PTSD),Percentage (%) of population aged 18 years and older who showed moderate to severe symptoms of post-traumatic stress disorder (PTSD),females,Manitoba,801,69,9.5,6.5,12.5,Wald,C,not significantly different
2020 and 2021 SCMH (combined),Moderate to severe symptoms of post-traumatic stress disorder (PTSD),Percentage (%) of population aged 18 years and older who showed moderate to severe symptoms of post-traumatic stress disorder (PTSD),females,Ontario,1582,138,9.6,7.7,11.5,Wald,C,not significantly different
2020 and 2021 SCMH (combined),Moderate to severe symptoms of post-traumatic stress disorder (PTSD),Percentage (%) of population aged 18 years and older who showed moderate to severe symptoms of post-traumatic stress disorder (PTSD),females,Quebec,1429,74,5.8,4.1,7.4,Wald,C,significantly lower
2020 and 2021 SCMH (combined),Moderate to severe symptoms of post-traumatic stress disorder (PTSD),Percentage (%) of population aged 18 years and older who showed moderate to severe symptoms of post-traumatic stress disorder (PTSD),females,New Brunswick,749,61,8.7,5.9,11.5,Wald,C,not significantly different
2020 and 2021 SCMH (combined),Moderate to severe symptoms of post-traumatic stress disorder (PTSD),Percentage (%) of population aged 18 years and older who showed moderate to severe symptoms of post-traumatic stress disorder (PTSD),females,Nova Scotia,840,77,10.4,7.7,13.1,Wald,C,not significantly different
2020 and 2021 SCMH (combined),Moderate to severe symptoms of post-traumatic stress disorder (PTSD),Percentage (%) of population aged 18 years and older who showed moderate to severe symptoms of post-traumatic stress disorder (PTSD),females,Prince Edward Island,696,54,8.9,6.0,11.8,Wald,C,not significantly different
2020 and 2021 SCMH (combined),Moderate to severe symptoms of post-traumatic stress disorder (PTSD),Percentage (%) of population aged 18 years and older who showed moderate to severe symptoms of post-traumatic stress disorder (PTSD),females,Newfoundland And Labrador,664,41,5.3,3.5,7.2,Wald,C,significantly lower
2020 and 2021 SCMH (combined),Moderate to severe symptoms of post-traumatic stress disorder (PTSD),Percentage (%) of population aged 18 years and older who showed moderate to severe symptoms of post-traumatic stress disorder (PTSD),females,Yukon (Whitehorse),437,48,10.8,7.6,14.0,Wald,C,not significantly different
2020 and 2021 SCMH (combined),Moderate to severe symptoms of post-traumatic stress disorder (PTSD),Percentage (%) of population aged 18 years and older who showed moderate to severe symptoms of post-traumatic stress disorder (PTSD),females,Northwest Territories (Yellowknife),361,37,10.5,6.6,14.5,Wald,C,not significantly different
2020 and 2021 SCMH (combined),Moderate to severe symptoms of post-traumatic stress disorder (PTSD),Percentage (%) of population aged 18 years and older who showed moderate to severe symptoms of post-traumatic stress disorder (PTSD),females,Nunavut (Iqaluit),205,22,12.9,6.3,19.5,Wald,C,not significantly different
2020 and 2021 SCMH (combined),Moderate to severe symptoms of post-traumatic stress disorder (PTSD),Percentage (%) of population aged 18 years and older who showed moderate to severe symptoms of post-traumatic stress disorder (PTSD),males,Canada,7748,369,5.0,4.2,5.8,Wald,C,
2020 and 2021 SCMH (combined),Moderate to severe symptoms of post-traumatic stress disorder (PTSD),Percentage (%) of population aged 18 years and older who showed moderate to severe symptoms of post-traumatic stress disorder (PTSD),males,British Columbia,718,29,5.8,3.0,8.5,Wald,C,not significantly different
2020 and 2021 SCMH (combined),Moderate to severe symptoms of post-traumatic stress disorder (PTSD),Percentage (%) of population aged 18 years and older who showed moderate to severe symptoms of post-traumatic stress disorder (PTSD),males,Alberta,709,41,6.1,3.8,8.3,Wald,C,not significantly different
2020 and 2021 SCMH (combined),Moderate to severe symptoms of post-traumatic stress disorder (PTSD),Percentage (%) of population aged 18 years and older who showed moderate to severe symptoms of post-traumatic stress disorder (PTSD),males,Saskatchewan,526,15,2.8,1.1,4.5,Wald,C,not significantly different
2020 and 2021 SCMH (combined),Moderate to severe symptoms of post-traumatic stress disorder (PTSD),Percentage (%) of population aged 18 years and older who showed moderate to severe symptoms of post-traumatic stress disorder (PTSD),males,Manitoba,617,45,7.9,5.1,10.7,Wald,C,not significantly different
2020 and 2021 SCMH (combined),Moderate to severe symptoms of post-traumatic stress disorder (PTSD),Percentage (%) of population aged 18 years and older who showed moderate to severe symptoms of post-traumatic stress disorder (PTSD),males,Ontario,1275,68,5.0,3.5,6.4,Wald,C,not significantly different
2020 and 2021 SCMH (combined),Moderate to severe symptoms of post-traumatic stress disorder (PTSD),Percentage (%) of population aged 18 years and older who showed moderate to severe symptoms of post-traumatic stress disorder (PTSD),males,Quebec,1092,44,3.9,2.5,5.2,Wald,C,not significantly different
2020 and 2021 SCMH (combined),Moderate to severe symptoms of post-traumatic stress disorder (PTSD),Percentage (%) of population aged 18 years and older who showed moderate to severe symptoms of post-traumatic stress disorder (PTSD),males,New Brunswick,527,30,5.6,3.2,8.0,Wald,C,not significantly different
2020 and 2021 SCMH (combined),Moderate to severe symptoms of post-traumatic stress disorder (PTSD),Percentage (%) of population aged 18 years and older who showed moderate to severe symptoms of post-traumatic stress disorder (PTSD),males,Nova Scotia,553,25,4.8,2.4,7.2,Wald,C,not significantly different
2020 and 2021 SCMH (combined),Moderate to severe symptoms of post-traumatic stress disorder (PTSD),Percentage (%) of population aged 18 years and older who showed moderate to severe symptoms of post-traumatic stress disorder (PTSD),males,Prince Edward Island,430,18,4.4,2.0,6.7,Wald,C,not significantly different
2020 and 2021 SCMH (combined),Moderate to severe symptoms of post-traumatic stress disorder (PTSD),Percentage (%) of population aged 18 years and older who showed moderate to severe symptoms of post-traumatic stress disorder (PTSD),males,Newfoundland And Labrador,508,23,5.7,2.9,8.4,Wald,C,not significantly different
2020 and 2021 SCMH (combined),Moderate to severe symptoms of post-traumatic stress disorder (PTSD),Percentage (%) of population aged 18 years and older who showed moderate to severe symptoms of post-traumatic stress disorder (PTSD),males,Yukon (Whitehorse),308,8,3.2,0.8,5.5,Wald,C,not significantly different
2020 and 2021 SCMH (combined),Moderate to severe symptoms of post-traumatic stress disorder (PTSD),Percentage (%) of population aged 18 years and older who showed moderate to severe symptoms of post-traumatic stress disorder (PTSD),males,Northwest Territories (Yellowknife),321,16,5.9,2.6,9.2,Wald,C,not significantly different
2020 and 2021 SCMH (combined),Moderate to severe symptoms of post-traumatic stress disorder (PTSD),Percentage (%) of population aged 18 years and older who showed moderate to severe symptoms of post-traumatic stress disorder (PTSD),males,Nunavut (Iqaluit),164,7,6.1,0.8,11.5,Wald,C,not significantly different
2020 SCMH,Concern for violence in their own home,Percentage (%) of population aged 18 years and older who reported concern for violence in their own home,all adults,Canada,12320,414,4.2,3.6,4.9,Clopper-Pearson,C,
2020 SCMH,Concern for violence in their own home,Percentage (%) of population aged 18 years and older who reported concern for violence in their own home,all adults,British Columbia,1147,40,4.6,3.1,6.6,Clopper-Pearson,C,not significantly different
2020 SCMH,Concern for violence in their own home,Percentage (%) of population aged 18 years and older who reported concern for violence in their own home,all adults,Alberta,1093,36,3.6,2.4,5.2,Clopper-Pearson,C,not significantly different
2020 SCMH,Concern for violence in their own home,Percentage (%) of population aged 18 years and older who reported concern for violence in their own home,all adults,Saskatchewan,901,30,3.5,2.2,5.2,Clopper-Pearson,C,not significantly different
2020 SCMH,Concern for violence in their own home,Percentage (%) of population aged 18 years and older who reported concern for violence in their own home,all adults,Manitoba,981,26,3.5,2.2,5.3,Clopper-Pearson,C,not significantly different
2020 SCMH,Concern for violence in their own home,Percentage (%) of population aged 18 years and older who reported concern for violence in their own home,all adults,Ontario,1974,53,3.5,2.5,4.8,Clopper-Pearson,C,not significantly different
2020 SCMH,Concern for violence in their own home,Percentage (%) of population aged 18 years and older who reported concern for violence in their own home,all adults,Quebec,1696,87,6.0,4.7,7.5,Clopper-Pearson,C,not significantly different
2020 SCMH,Concern for violence in their own home,Percentage (%) of population aged 18 years and older who reported concern for violence in their own home,all adults,New Brunswick,879,40,5.5,3.7,7.9,Clopper-Pearson,C,not significantly different
2020 SCMH,Concern for violence in their own home,Percentage (%) of population aged 18 years and older who reported concern for violence in their own home,all adults,Nova Scotia,967,22,2.4,1.4,3.8,Clopper-Pearson,C,not significantly different
2020 SCMH,Concern for violence in their own home,Percentage (%) of population aged 18 years and older who reported concern for violence in their own home,all adults,Prince Edward Island,822,17,2.7,1.4,4.8,Clopper-Pearson,C,not significantly different
2020 SCMH,Concern for violence in their own home,Percentage (%) of population aged 18 years and older who reported concern for violence in their own home,all adults,Newfoundland And Labrador,841,19,2.3,1.3,3.7,Clopper-Pearson,C,not significantly different
2020 SCMH,Concern for violence in their own home,Percentage (%) of population aged 18 years and older who reported concern for violence in their own home,all adults,Yukon (Whitehorse),419,14,4.0,2.0,7.0,Clopper-Pearson,C,not significantly different
2020 SCMH,Concern for violence in their own home,Percentage (%) of population aged 18 years and older who reported concern for violence in their own home,all adults,Northwest Territories (Yellowknife),367,19,5.6,3.2,9.1,Clopper-Pearson,C,not significantly different
2020 SCMH,Concern for violence in their own home,Percentage (%) of population aged 18 years and older who reported concern for violence in their own home,all adults,Nunavut (Iqaluit),233,11,11.2,4.9,21.0,Clopper-Pearson,C,significantly higher
2020 SCMH,Concern for violence in their own home,Percentage (%) of population aged 18 years and older who reported concern for violence in their own home,females,Canada,7051,232,3.9,3.2,4.8,Clopper-Pearson,C,
2020 SCMH,Concern for violence in their own home,Percentage (%) of population aged 18 years and older who reported concern for violence in their own home,females,British Columbia,639,24,4.3,2.7,6.6,Clopper-Pearson,C,not significantly different
2020 SCMH,Concern for violence in their own home,Percentage (%) of population aged 18 years and older who reported concern for violence in their own home,females,Alberta,596,25,4.4,2.7,6.7,Clopper-Pearson,C,not significantly different
2020 SCMH,Concern for violence in their own home,Percentage (%) of population aged 18 years and older who reported concern for violence in their own home,females,Saskatchewan,534,19,3.4,1.9,5.5,Clopper-Pearson,C,not significantly different
2020 SCMH,Concern for violence in their own home,Percentage (%) of population aged 18 years and older who reported concern for violence in their own home,females,Manitoba,555,12,2.0,1.0,3.5,Clopper-Pearson,C,not significantly different
2020 SCMH,Concern for violence in their own home,Percentage (%) of population aged 18 years and older who reported concern for violence in their own home,females,Ontario,1100,28,3.2,2.0,4.9,Clopper-Pearson,C,not significantly different
2020 SCMH,Concern for violence in their own home,Percentage (%) of population aged 18 years and older who reported concern for violence in their own home,females,Quebec,961,46,5.5,3.9,7.5,Clopper-Pearson,C,not significantly different
2020 SCMH,Concern for violence in their own home,Percentage (%) of population aged 18 years and older who reported concern for violence in their own home,females,New Brunswick,514,19,3.7,2.1,6.1,Clopper-Pearson,C,not significantly different
2020 SCMH,Concern for violence in their own home,Percentage (%) of population aged 18 years and older who reported concern for violence in their own home,females,Nova Scotia,595,11,1.9,0.9,3.4,Clopper-Pearson,C,not significantly different
2020 SCMH,Concern for violence in their own home,Percentage (%) of population aged 18 years and older who reported concern for violence in their own home,females,Prince Edward Island,506,11,2.3,1.0,4.5,Clopper-Pearson,C,not significantly different
2020 SCMH,Concern for violence in their own home,Percentage (%) of population aged 18 years and older who reported concern for violence in their own home,females,Newfoundland And Labrador,473,10,2.3,1.0,4.5,Clopper-Pearson,C,not significantly different
2020 SCMH,Concern for violence in their own home,Percentage (%) of population aged 18 years and older who reported concern for violence in their own home,females,Yukon (Whitehorse),254,10,4.3,2.0,8.0,Clopper-Pearson,C,not significantly different
2020 SCMH,Concern for violence in their own home,Percentage (%) of population aged 18 years and older who reported concern for violence in their own home,females,Northwest Territories (Yellowknife),197,10,7.2,3.2,13.5,Clopper-Pearson,C,not significantly different
2020 SCMH,Concern for violence in their own home,Percentage (%) of population aged 18 years and older who reported concern for violence in their own home,females,Nunavut (Iqaluit),127,7,16.5,6.1,32.9,Clopper-Pearson,C,significantly higher
2020 SCMH,Concern for violence in their own home,Percentage (%) of population aged 18 years and older who reported concern for violence in their own home,males,Canada,5243,181,4.5,3.6,5.6,Clopper-Pearson,C,
2020 SCMH,Concern for violence in their own home,Percentage (%) of population aged 18 years and older who reported concern for violence in their own home,males,British Columbia,505,16,5.0,2.5,8.8,Clopper-Pearson,C,not significantly different
2020 SCMH,Concern for violence in their own home,Percentage (%) of population aged 18 years and older who reported concern for violence in their own home,males,Alberta,495,11,2.8,1.3,5.4,Clopper-Pearson,C,not significantly different
2020 SCMH,Concern for violence in their own home,Percentage (%) of population aged 18 years and older who reported concern for violence in their own home,males,Saskatchewan,364,11,3.6,1.7,6.6,Clopper-Pearson,C,not significantly different
2020 SCMH,Concern for violence in their own home,Percentage (%) of population aged 18 years and older who reported concern for violence in their own home,males,Manitoba,422,13,4.6,2.4,7.9,Clopper-Pearson,C,not significantly different
2020 SCMH,Concern for violence in their own home,Percentage (%) of population aged 18 years and older who reported concern for violence in their own home,males,Ontario,870,25,3.8,2.3,6.0,Clopper-Pearson,C,not significantly different
2020 SCMH,Concern for violence in their own home,Percentage (%) of population aged 18 years and older who reported concern for violence in their own home,males,Quebec,731,41,6.5,4.5,8.9,Clopper-Pearson,C,not significantly different
2020 SCMH,Concern for violence in their own home,Percentage (%) of population aged 18 years and older who reported concern for violence in their own home,males,New Brunswick,365,21,7.4,4.2,11.9,Clopper-Pearson,C,not significantly different
2020 SCMH,Concern for violence in their own home,Percentage (%) of population aged 18 years and older who reported concern for violence in their own home,males,Nova Scotia,371,11,3.0,1.3,5.7,Clopper-Pearson,C,not significantly different
2020 SCMH,Concern for violence in their own home,Percentage (%) of population aged 18 years and older who reported concern for violence in their own home,males,Prince Edward Island,315,6,3.2,1.1,7.2,Clopper-Pearson,C,not significantly different
2020 SCMH,Concern for violence in their own home,Percentage (%) of population aged 18 years and older who reported concern for violence in their own home,males,Newfoundland And Labrador,367,9,2.3,0.9,4.5,Clopper-Pearson,C,not significantly different
2020 SCMH,Concern for violence in their own home,Percentage (%) of population aged 18 years and older who reported concern for violence in their own home,males,Yukon (Whitehorse),162,< 5,,,,Clopper-Pearson,B,
2020 SCMH,Concern for violence in their own home,Percentage (%) of population aged 18 years and older who reported concern for violence in their own home,males,Northwest Territories (Yellowknife),170,9,4.1,1.7,8.3,Clopper-Pearson,C,not significantly different
2020 SCMH,Concern for violence in their own home,Percentage (%) of population aged 18 years and older who reported concern for violence in their own home,males,Nunavut (Iqaluit),106,< 5,,,,Clopper-Pearson,B,
2021 SCMH,Concern for violence in their own home,Percentage (%) of population aged 18 years and older who reported concern for violence in their own home,all adults,Canada,6574,243,5.0,4.2,6.0,Clopper-Pearson,C,
2021 SCMH,Concern for violence in their own home,Percentage (%) of population aged 18 years and older who reported concern for violence in their own home,all adults,British Columbia,576,31,7.1,4.6,10.5,Clopper-Pearson,C,not significantly different
2021 SCMH,Concern for violence in their own home,Percentage (%) of population aged 18 years and older who reported concern for violence in their own home,all adults,Alberta,555,20,5.1,2.6,8.9,Clopper-Pearson,C,not significantly different
2021 SCMH,Concern for violence in their own home,Percentage (%) of population aged 18 years and older who reported concern for violence in their own home,all adults,Saskatchewan,470,15,4.7,2.3,8.5,Clopper-Pearson,C,not significantly different
2021 SCMH,Concern for violence in their own home,Percentage (%) of population aged 18 years and older who reported concern for violence in their own home,all adults,Manitoba,501,17,3.2,1.7,5.5,Clopper-Pearson,C,not significantly different
2021 SCMH,Concern for violence in their own home,Percentage (%) of population aged 18 years and older who reported concern for violence in their own home,all adults,Ontario,1007,42,4.7,3.3,6.5,Clopper-Pearson,C,not significantly different
2021 SCMH,Concern for violence in their own home,Percentage (%) of population aged 18 years and older who reported concern for violence in their own home,all adults,Quebec,909,44,5.3,3.7,7.3,Clopper-Pearson,C,not significantly different
2021 SCMH,Concern for violence in their own home,Percentage (%) of population aged 18 years and older who reported concern for violence in their own home,all adults,New Brunswick,465,11,2.9,1.3,5.4,Clopper-Pearson,C,not significantly different
2021 SCMH,Concern for violence in their own home,Percentage (%) of population aged 18 years and older who reported concern for violence in their own home,all adults,Nova Scotia,491,7,1.3,0.5,2.9,Clopper-Pearson,C,significantly lower
2021 SCMH,Concern for violence in their own home,Percentage (%) of population aged 18 years and older who reported concern for violence in their own home,all adults,Prince Edward Island,364,11,3.3,1.6,6.1,Clopper-Pearson,C,not significantly different
2021 SCMH,Concern for violence in their own home,Percentage (%) of population aged 18 years and older who reported concern for violence in their own home,all adults,Newfoundland And Labrador,387,10,3.1,1.1,6.7,Clopper-Pearson,C,not significantly different
2021 SCMH,Concern for violence in their own home,Percentage (%) of population aged 18 years and older who reported concern for violence in their own home,all adults,Yukon (Whitehorse),355,13,4.1,2.0,7.4,Clopper-Pearson,C,not significantly different
2021 SCMH,Concern for violence in their own home,Percentage (%) of population aged 18 years and older who reported concern for violence in their own home,all adults,Northwest Territories (Yellowknife),345,13,5.0,2.2,9.4,Clopper-Pearson,C,not significantly different
2021 SCMH,Concern for violence in their own home,Percentage (%) of population aged 18 years and older who reported concern for violence in their own home,all adults,Nunavut (Iqaluit),149,9,6.7,3.1,12.4,Clopper-Pearson,C,not significantly different
2021 SCMH,Concern for violence in their own home,Percentage (%) of population aged 18 years and older who reported concern for violence in their own home,females,Canada,3746,138,5.0,3.9,6.4,Clopper-Pearson,C,
2021 SCMH,Concern for violence in their own home,Percentage (%) of population aged 18 years and older who reported concern for violence in their own home,females,British Columbia,321,17,6.9,3.8,11.4,Clopper-Pearson,C,not significantly different
2021 SCMH,Concern for violence in their own home,Percentage (%) of population aged 18 years and older who reported concern for violence in their own home,females,Alberta,312,9,2.1,0.8,4.4,Clopper-Pearson,C,not significantly different
2021 SCMH,Concern for violence in their own home,Percentage (%) of population aged 18 years and older who reported concern for violence in their own home,females,Saskatchewan,283,8,4.3,1.6,9.1,Clopper-Pearson,C,not significantly different
2021 SCMH,Concern for violence in their own home,Percentage (%) of population aged 18 years and older who reported concern for violence in their own home,females,Manitoba,280,11,3.8,1.7,7.2,Clopper-Pearson,C,not significantly different
2021 SCMH,Concern for violence in their own home,Percentage (%) of population aged 18 years and older who reported concern for violence in their own home,females,Ontario,554,28,6.3,3.9,9.5,Clopper-Pearson,C,not significantly different
2021 SCMH,Concern for violence in their own home,Percentage (%) of population aged 18 years and older who reported concern for violence in their own home,females,Quebec,518,22,4.1,2.5,6.3,Clopper-Pearson,C,not significantly different
2021 SCMH,Concern for violence in their own home,Percentage (%) of population aged 18 years and older who reported concern for violence in their own home,females,New Brunswick,277,5,1.8,0.5,4.5,Clopper-Pearson,C,not significantly different
2021 SCMH,Concern for violence in their own home,Percentage (%) of population aged 18 years and older who reported concern for violence in their own home,females,Nova Scotia,286,6,1.9,0.7,4.3,Clopper-Pearson,C,not significantly different
2021 SCMH,Concern for violence in their own home,Percentage (%) of population aged 18 years and older who reported concern for violence in their own home,females,Prince Edward Island,225,9,4.7,1.9,9.3,Clopper-Pearson,C,not significantly different
2021 SCMH,Concern for violence in their own home,Percentage (%) of population aged 18 years and older who reported concern for violence in their own home,females,Newfoundland And Labrador,230,6,1.5,0.4,4.1,Clopper-Pearson,C,not significantly different
2021 SCMH,Concern for violence in their own home,Percentage (%) of population aged 18 years and older who reported concern for violence in their own home,females,Yukon (Whitehorse),202,8,4.6,1.7,9.7,Clopper-Pearson,C,not significantly different
2021 SCMH,Concern for violence in their own home,Percentage (%) of population aged 18 years and older who reported concern for violence in their own home,females,Northwest Territories (Yellowknife),177,5,5.0,1.0,14.2,Clopper-Pearson,C,not significantly different
2021 SCMH,Concern for violence in their own home,Percentage (%) of population aged 18 years and older who reported concern for violence in their own home,females,Nunavut (Iqaluit),81,< 5,,,,Clopper-Pearson,B,
2021 SCMH,Concern for violence in their own home,Percentage (%) of population aged 18 years and older who reported concern for violence in their own home,males,Canada,2818,104,5.0,3.8,6.5,Clopper-Pearson,C,
2021 SCMH,Concern for violence in their own home,Percentage (%) of population aged 18 years and older who reported concern for violence in their own home,males,British Columbia,254,14,7.3,3.6,12.9,Clopper-Pearson,C,not significantly different
2021 SCMH,Concern for violence in their own home,Percentage (%) of population aged 18 years and older who reported concern for violence in their own home,males,Alberta,241,11,8.2,3.4,15.9,Clopper-Pearson,C,not significantly different
2021 SCMH,Concern for violence in their own home,Percentage (%) of population aged 18 years and older who reported concern for violence in their own home,males,Saskatchewan,187,7,5.2,1.7,11.7,Clopper-Pearson,C,not significantly different
2021 SCMH,Concern for violence in their own home,Percentage (%) of population aged 18 years and older who reported concern for violence in their own home,males,Manitoba,221,6,2.6,0.8,6.4,Clopper-Pearson,C,not significantly different
2021 SCMH,Concern for violence in their own home,Percentage (%) of population aged 18 years and older who reported concern for violence in their own home,males,Ontario,450,14,3.1,1.7,5.1,Clopper-Pearson,C,not significantly different
2021 SCMH,Concern for violence in their own home,Percentage (%) of population aged 18 years and older who reported concern for violence in their own home,males,Quebec,391,22,6.5,4.0,10.0,Clopper-Pearson,C,not significantly different
2021 SCMH,Concern for violence in their own home,Percentage (%) of population aged 18 years and older who reported concern for violence in their own home,males,New Brunswick,187,6,4.0,1.3,9.0,Clopper-Pearson,C,not significantly different
2021 SCMH,Concern for violence in their own home,Percentage (%) of population aged 18 years and older who reported concern for violence in their own home,males,Nova Scotia,205,< 5,,,,Clopper-Pearson,B,
2021 SCMH,Concern for violence in their own home,Percentage (%) of population aged 18 years and older who reported concern for violence in their own home,males,Prince Edward Island,139,< 5,,,,Clopper-Pearson,B,
2021 SCMH,Concern for violence in their own home,Percentage (%) of population aged 18 years and older who reported concern for violence in their own home,males,Newfoundland And Labrador,157,< 5,,,,Clopper-Pearson,B,
2021 SCMH,Concern for violence in their own home,Percentage (%) of population aged 18 years and older who reported concern for violence in their own home,males,Yukon (Whitehorse),151,5,3.6,1.0,9.2,Clopper-Pearson,C,not significantly different
2021 SCMH,Concern for violence in their own home,Percentage (%) of population aged 18 years and older who reported concern for violence in their own home,males,Northwest Territories (Yellowknife),167,7,4.4,1.6,9.6,Clopper-Pearson,C,not significantly different
2021 SCMH,Concern for violence in their own home,Percentage (%) of population aged 18 years and older who reported concern for violence in their own home,males,Nunavut (Iqaluit),68,5,5.8,1.6,14.3,Clopper-Pearson,A,not significantly different
2020 and 2021 SCMH (combined),Concern for violence in their own home,Percentage (%) of population aged 18 years and older who reported concern for violence in their own home,all adults,Canada,18894,657,4.6,4.1,5.2,Clopper-Pearson,C,
2020 and 2021 SCMH (combined),Concern for violence in their own home,Percentage (%) of population aged 18 years and older who reported concern for violence in their own home,all adults,British Columbia,1723,71,5.9,4.4,7.8,Clopper-Pearson,C,not significantly different
2020 and 2021 SCMH (combined),Concern for violence in their own home,Percentage (%) of population aged 18 years and older who reported concern for violence in their own home,all adults,Alberta,1648,56,4.3,2.9,6.2,Clopper-Pearson,C,not significantly different
2020 and 2021 SCMH (combined),Concern for violence in their own home,Percentage (%) of population aged 18 years and older who reported concern for violence in their own home,all adults,Saskatchewan,1371,45,4.1,2.6,6.0,Clopper-Pearson,C,not significantly different
2020 and 2021 SCMH (combined),Concern for violence in their own home,Percentage (%) of population aged 18 years and older who reported concern for violence in their own home,all adults,Manitoba,1482,43,3.4,2.3,4.7,Clopper-Pearson,C,not significantly different
2020 and 2021 SCMH (combined),Concern for violence in their own home,Percentage (%) of population aged 18 years and older who reported concern for violence in their own home,all adults,Ontario,2981,95,4.1,3.2,5.2,Clopper-Pearson,C,not significantly different
2020 and 2021 SCMH (combined),Concern for violence in their own home,Percentage (%) of population aged 18 years and older who reported concern for violence in their own home,all adults,Quebec,2605,131,5.6,4.6,6.8,Clopper-Pearson,C,not significantly different
2020 and 2021 SCMH (combined),Concern for violence in their own home,Percentage (%) of population aged 18 years and older who reported concern for violence in their own home,all adults,New Brunswick,1344,51,4.2,2.9,5.8,Clopper-Pearson,C,not significantly different
2020 and 2021 SCMH (combined),Concern for violence in their own home,Percentage (%) of population aged 18 years and older who reported concern for violence in their own home,all adults,Nova Scotia,1458,29,1.9,1.2,2.8,Clopper-Pearson,C,significantly lower
2020 and 2021 SCMH (combined),Concern for violence in their own home,Percentage (%) of population aged 18 years and older who reported concern for violence in their own home,all adults,Prince Edward Island,1186,28,3.0,1.8,4.7,Clopper-Pearson,C,not significantly different
2020 and 2021 SCMH (combined),Concern for violence in their own home,Percentage (%) of population aged 18 years and older who reported concern for violence in their own home,all adults,Newfoundland And Labrador,1228,29,2.7,1.5,4.4,Clopper-Pearson,C,not significantly different
2020 and 2021 SCMH (combined),Concern for violence in their own home,Percentage (%) of population aged 18 years and older who reported concern for violence in their own home,all adults,Yukon (Whitehorse),774,27,4.0,2.5,6.1,Clopper-Pearson,C,not significantly different
2020 and 2021 SCMH (combined),Concern for violence in their own home,Percentage (%) of population aged 18 years and older who reported concern for violence in their own home,all adults,Northwest Territories (Yellowknife),712,32,5.3,3.3,7.9,Clopper-Pearson,C,not significantly different
2020 and 2021 SCMH (combined),Concern for violence in their own home,Percentage (%) of population aged 18 years and older who reported concern for violence in their own home,all adults,Nunavut (Iqaluit),382,20,9.1,4.9,14.9,Clopper-Pearson,C,not significantly different
2020 and 2021 SCMH (combined),Concern for violence in their own home,Percentage (%) of population aged 18 years and older who reported concern for violence in their own home,females,Canada,10797,370,4.5,3.8,5.2,Clopper-Pearson,C,
2020 and 2021 SCMH (combined),Concern for violence in their own home,Percentage (%) of population aged 18 years and older who reported concern for violence in their own home,females,British Columbia,960,41,5.7,3.8,8.1,Clopper-Pearson,C,not significantly different
2020 and 2021 SCMH (combined),Concern for violence in their own home,Percentage (%) of population aged 18 years and older who reported concern for violence in their own home,females,Alberta,908,34,3.2,2.2,4.7,Clopper-Pearson,C,not significantly different
2020 and 2021 SCMH (combined),Concern for violence in their own home,Percentage (%) of population aged 18 years and older who reported concern for violence in their own home,females,Saskatchewan,817,27,3.8,2.2,6.2,Clopper-Pearson,C,not significantly different
2020 and 2021 SCMH (combined),Concern for violence in their own home,Percentage (%) of population aged 18 years and older who reported concern for violence in their own home,females,Manitoba,835,23,2.9,1.7,4.6,Clopper-Pearson,C,not significantly different
2020 and 2021 SCMH (combined),Concern for violence in their own home,Percentage (%) of population aged 18 years and older who reported concern for violence in their own home,females,Ontario,1654,56,4.8,3.4,6.5,Clopper-Pearson,C,not significantly different
2020 and 2021 SCMH (combined),Concern for violence in their own home,Percentage (%) of population aged 18 years and older who reported concern for violence in their own home,females,Quebec,1479,68,4.8,3.6,6.2,Clopper-Pearson,C,not significantly different
2020 and 2021 SCMH (combined),Concern for violence in their own home,Percentage (%) of population aged 18 years and older who reported concern for violence in their own home,females,New Brunswick,791,24,2.8,1.6,4.4,Clopper-Pearson,C,not significantly different
2020 and 2021 SCMH (combined),Concern for violence in their own home,Percentage (%) of population aged 18 years and older who reported concern for violence in their own home,females,Nova Scotia,881,17,1.9,1.0,3.2,Clopper-Pearson,C,significantly lower
2020 and 2021 SCMH (combined),Concern for violence in their own home,Percentage (%) of population aged 18 years and older who reported concern for violence in their own home,females,Prince Edward Island,731,20,3.5,1.9,5.9,Clopper-Pearson,C,not significantly different
2020 and 2021 SCMH (combined),Concern for violence in their own home,Percentage (%) of population aged 18 years and older who reported concern for violence in their own home,females,Newfoundland And Labrador,703,16,1.9,1.0,3.3,Clopper-Pearson,C,significantly lower
2020 and 2021 SCMH (combined),Concern for violence in their own home,Percentage (%) of population aged 18 years and older who reported concern for violence in their own home,females,Yukon (Whitehorse),456,18,4.4,2.4,7.3,Clopper-Pearson,C,not significantly different
2020 and 2021 SCMH (combined),Concern for violence in their own home,Percentage (%) of population aged 18 years and older who reported concern for violence in their own home,females,Northwest Territories (Yellowknife),374,15,6.1,3.0,10.9,Clopper-Pearson,C,not significantly different
2020 and 2021 SCMH (combined),Concern for violence in their own home,Percentage (%) of population aged 18 years and older who reported concern for violence in their own home,females,Nunavut (Iqaluit),208,11,12.4,5.5,23.0,Clopper-Pearson,C,significantly higher
2020 and 2021 SCMH (combined),Concern for violence in their own home,Percentage (%) of population aged 18 years and older who reported concern for violence in their own home,males,Canada,8061,285,4.8,4.0,5.7,Clopper-Pearson,C,
2020 and 2021 SCMH (combined),Concern for violence in their own home,Percentage (%) of population aged 18 years and older who reported concern for violence in their own home,males,British Columbia,759,30,6.1,3.7,9.4,Clopper-Pearson,C,not significantly different
2020 and 2021 SCMH (combined),Concern for violence in their own home,Percentage (%) of population aged 18 years and older who reported concern for violence in their own home,males,Alberta,736,22,5.5,2.9,9.3,Clopper-Pearson,C,not significantly different
2020 and 2021 SCMH (combined),Concern for violence in their own home,Percentage (%) of population aged 18 years and older who reported concern for violence in their own home,males,Saskatchewan,551,18,4.4,2.2,7.7,Clopper-Pearson,C,not significantly different
2020 and 2021 SCMH (combined),Concern for violence in their own home,Percentage (%) of population aged 18 years and older who reported concern for violence in their own home,males,Manitoba,643,19,3.6,2.1,5.8,Clopper-Pearson,C,not significantly different
2020 and 2021 SCMH (combined),Concern for violence in their own home,Percentage (%) of population aged 18 years and older who reported concern for violence in their own home,males,Ontario,1320,39,3.5,2.4,4.9,Clopper-Pearson,C,not significantly different
2020 and 2021 SCMH (combined),Concern for violence in their own home,Percentage (%) of population aged 18 years and older who reported concern for violence in their own home,males,Quebec,1122,63,6.5,4.8,8.5,Clopper-Pearson,C,not significantly different
2020 and 2021 SCMH (combined),Concern for violence in their own home,Percentage (%) of population aged 18 years and older who reported concern for violence in their own home,males,New Brunswick,552,27,5.7,3.4,8.7,Clopper-Pearson,C,not significantly different
2020 and 2021 SCMH (combined),Concern for violence in their own home,Percentage (%) of population aged 18 years and older who reported concern for violence in their own home,males,Nova Scotia,576,12,1.8,0.8,3.4,Clopper-Pearson,C,significantly lower
2020 and 2021 SCMH (combined),Concern for violence in their own home,Percentage (%) of population aged 18 years and older who reported concern for violence in their own home,males,Prince Edward Island,454,8,2.5,1.0,5.1,Clopper-Pearson,C,not significantly different
2020 and 2021 SCMH (combined),Concern for violence in their own home,Percentage (%) of population aged 18 years and older who reported concern for violence in their own home,males,Newfoundland And Labrador,524,13,3.5,1.4,7.1,Clopper-Pearson,C,not significantly different
2020 and 2021 SCMH (combined),Concern for violence in their own home,Percentage (%) of population aged 18 years and older who reported concern for violence in their own home,males,Yukon (Whitehorse),313,9,3.7,1.6,7.2,Clopper-Pearson,C,not significantly different
2020 and 2021 SCMH (combined),Concern for violence in their own home,Percentage (%) of population aged 18 years and older who reported concern for violence in their own home,males,Northwest Territories (Yellowknife),337,16,4.3,2.3,7.2,Clopper-Pearson,C,not significantly different
2020 and 2021 SCMH (combined),Concern for violence in their own home,Percentage (%) of population aged 18 years and older who reported concern for violence in their own home,males,Nunavut (Iqaluit),174,9,5.4,2.6,9.9,Clopper-Pearson,C,not significantly different
2020 SCMH,Suicidal ideation,Percentage (%) of population aged 18 years and older who reported suicidal ideation,all adults,Canada,12292,316,2.4,2.0,2.9,Clopper-Pearson,C,
2020 SCMH,Suicidal ideation,Percentage (%) of population aged 18 years and older who reported suicidal ideation,all adults,British Columbia,1147,29,2.4,1.5,3.6,Clopper-Pearson,C,not significantly different
2020 SCMH,Suicidal ideation,Percentage (%) of population aged 18 years and older who reported suicidal ideation,all adults,Alberta,1090,48,3.7,2.7,5.1,Clopper-Pearson,C,not significantly different
2020 SCMH,Suicidal ideation,Percentage (%) of population aged 18 years and older who reported suicidal ideation,all adults,Saskatchewan,898,20,2.3,1.2,4.0,Clopper-Pearson,C,not significantly different
2020 SCMH,Suicidal ideation,Percentage (%) of population aged 18 years and older who reported suicidal ideation,all adults,Manitoba,980,35,4.1,2.7,6.0,Clopper-Pearson,C,not significantly different
2020 SCMH,Suicidal ideation,Percentage (%) of population aged 18 years and older who reported suicidal ideation,all adults,Ontario,1969,47,2.5,1.7,3.5,Clopper-Pearson,C,not significantly different
2020 SCMH,Suicidal ideation,Percentage (%) of population aged 18 years and older who reported suicidal ideation,all adults,Quebec,1696,25,1.3,0.8,2.0,Clopper-Pearson,C,significantly lower
2020 SCMH,Suicidal ideation,Percentage (%) of population aged 18 years and older who reported suicidal ideation,all adults,New Brunswick,874,20,2.9,1.5,5.0,Clopper-Pearson,C,not significantly different
2020 SCMH,Suicidal ideation,Percentage (%) of population aged 18 years and older who reported suicidal ideation,all adults,Nova Scotia,960,34,3.9,2.2,6.3,Clopper-Pearson,C,not significantly different
2020 SCMH,Suicidal ideation,Percentage (%) of population aged 18 years and older who reported suicidal ideation,all adults,Prince Edward Island,822,16,2.1,1.0,3.8,Clopper-Pearson,C,not significantly different
2020 SCMH,Suicidal ideation,Percentage (%) of population aged 18 years and older who reported suicidal ideation,all adults,Newfoundland And Labrador,842,17,2.2,1.3,3.6,Clopper-Pearson,C,not significantly different
2020 SCMH,Suicidal ideation,Percentage (%) of population aged 18 years and older who reported suicidal ideation,all adults,Yukon (Whitehorse),416,8,1.7,0.6,3.5,Clopper-Pearson,C,not significantly different
2020 SCMH,Suicidal ideation,Percentage (%) of population aged 18 years and older who reported suicidal ideation,all adults,Northwest Territories (Yellowknife),365,11,2.5,1.0,5.2,Clopper-Pearson,C,not significantly different
2020 SCMH,Suicidal ideation,Percentage (%) of population aged 18 years and older who reported suicidal ideation,all adults,Nunavut (Iqaluit),233,6,3.3,0.9,8.0,Clopper-Pearson,C,not significantly different
2020 SCMH,Suicidal ideation,Percentage (%) of population aged 18 years and older who reported suicidal ideation,females,Canada,7033,197,2.7,2.2,3.3,Clopper-Pearson,C,
2020 SCMH,Suicidal ideation,Percentage (%) of population aged 18 years and older who reported suicidal ideation,females,British Columbia,639,17,2.2,1.2,3.7,Clopper-Pearson,C,not significantly different
2020 SCMH,Suicidal ideation,Percentage (%) of population aged 18 years and older who reported suicidal ideation,females,Alberta,597,28,3.8,2.4,5.7,Clopper-Pearson,C,not significantly different
2020 SCMH,Suicidal ideation,Percentage (%) of population aged 18 years and older who reported suicidal ideation,females,Saskatchewan,531,11,1.6,0.7,3.1,Clopper-Pearson,C,not significantly different
2020 SCMH,Suicidal ideation,Percentage (%) of population aged 18 years and older who reported suicidal ideation,females,Manitoba,553,17,4.1,2.1,7.2,Clopper-Pearson,C,not significantly different
2020 SCMH,Suicidal ideation,Percentage (%) of population aged 18 years and older who reported suicidal ideation,females,Ontario,1099,30,2.9,1.9,4.2,Clopper-Pearson,C,not significantly different
2020 SCMH,Suicidal ideation,Percentage (%) of population aged 18 years and older who reported suicidal ideation,females,Quebec,960,16,1.6,0.9,2.7,Clopper-Pearson,C,not significantly different
2020 SCMH,Suicidal ideation,Percentage (%) of population aged 18 years and older who reported suicidal ideation,females,New Brunswick,512,11,2.6,1.0,5.5,Clopper-Pearson,C,not significantly different
2020 SCMH,Suicidal ideation,Percentage (%) of population aged 18 years and older who reported suicidal ideation,females,Nova Scotia,591,27,4.4,2.8,6.5,Clopper-Pearson,C,not significantly different
2020 SCMH,Suicidal ideation,Percentage (%) of population aged 18 years and older who reported suicidal ideation,females,Prince Edward Island,503,11,1.8,0.9,3.4,Clopper-Pearson,C,not significantly different
2020 SCMH,Suicidal ideation,Percentage (%) of population aged 18 years and older who reported suicidal ideation,females,Newfoundland And Labrador,474,12,2.9,1.5,5.2,Clopper-Pearson,C,not significantly different
2020 SCMH,Suicidal ideation,Percentage (%) of population aged 18 years and older who reported suicidal ideation,females,Yukon (Whitehorse),251,6,2.1,0.7,4.7,Clopper-Pearson,C,not significantly different
2020 SCMH,Suicidal ideation,Percentage (%) of population aged 18 years and older who reported suicidal ideation,females,Northwest Territories (Yellowknife),196,7,3.5,0.9,8.7,Clopper-Pearson,C,not significantly different
2020 SCMH,Suicidal ideation,Percentage (%) of population aged 18 years and older who reported suicidal ideation,females,Nunavut (Iqaluit),127,< 5,,,,Clopper-Pearson,B,
2020 SCMH,Suicidal ideation,Percentage (%) of population aged 18 years and older who reported suicidal ideation,males,Canada,5233,114,2.1,1.5,2.8,Clopper-Pearson,C,
2020 SCMH,Suicidal ideation,Percentage (%) of population aged 18 years and older who reported suicidal ideation,males,British Columbia,505,12,2.6,1.2,4.8,Clopper-Pearson,C,not significantly different
2020 SCMH,Suicidal ideation,Percentage (%) of population aged 18 years and older who reported suicidal ideation,males,Alberta,491,19,3.4,1.9,5.5,Clopper-Pearson,C,not significantly different
2020 SCMH,Suicidal ideation,Percentage (%) of population aged 18 years and older who reported suicidal ideation,males,Saskatchewan,364,9,3.0,1.1,6.4,Clopper-Pearson,C,not significantly different
2020 SCMH,Suicidal ideation,Percentage (%) of population aged 18 years and older who reported suicidal ideation,males,Manitoba,423,16,3.2,1.7,5.4,Clopper-Pearson,C,not significantly different
2020 SCMH,Suicidal ideation,Percentage (%) of population aged 18 years and older who reported suicidal ideation,males,Ontario,866,16,1.8,0.8,3.5,Clopper-Pearson,C,not significantly different
2020 SCMH,Suicidal ideation,Percentage (%) of population aged 18 years and older who reported suicidal ideation,males,Quebec,732,9,1.0,0.4,2.0,Clopper-Pearson,C,not significantly different
2020 SCMH,Suicidal ideation,Percentage (%) of population aged 18 years and older who reported suicidal ideation,males,New Brunswick,362,9,3.2,1.2,6.9,Clopper-Pearson,C,not significantly different
2020 SCMH,Suicidal ideation,Percentage (%) of population aged 18 years and older who reported suicidal ideation,males,Nova Scotia,368,7,3.4,0.8,8.8,Clopper-Pearson,C,not significantly different
2020 SCMH,Suicidal ideation,Percentage (%) of population aged 18 years and older who reported suicidal ideation,males,Prince Edward Island,318,5,2.3,0.6,6.0,Clopper-Pearson,C,not significantly different
2020 SCMH,Suicidal ideation,Percentage (%) of population aged 18 years and older who reported suicidal ideation,males,Newfoundland And Labrador,367,< 5,,,,Clopper-Pearson,B,
2020 SCMH,Suicidal ideation,Percentage (%) of population aged 18 years and older who reported suicidal ideation,males,Yukon (Whitehorse),162,< 5,,,,Clopper-Pearson,B,
2020 SCMH,Suicidal ideation,Percentage (%) of population aged 18 years and older who reported suicidal ideation,males,Northwest Territories (Yellowknife),169,< 5,,,,Clopper-Pearson,B,
2020 SCMH,Suicidal ideation,Percentage (%) of population aged 18 years and older who reported suicidal ideation,males,Nunavut (Iqaluit),106,< 5,,,,Clopper-Pearson,B,
2021 SCMH,Suicidal ideation,Percentage (%) of population aged 18 years and older who reported suicidal ideation,all adults,Canada,6566,263,4.2,3.4,5.0,Clopper-Pearson,C,
2021 SCMH,Suicidal ideation,Percentage (%) of population aged 18 years and older who reported suicidal ideation,all adults,British Columbia,575,29,5.8,3.6,8.8,Clopper-Pearson,C,not significantly different
2021 SCMH,Suicidal ideation,Percentage (%) of population aged 18 years and older who reported suicidal ideation,all adults,Alberta,550,27,4.8,2.8,7.6,Clopper-Pearson,C,not significantly different
2021 SCMH,Suicidal ideation,Percentage (%) of population aged 18 years and older who reported suicidal ideation,all adults,Saskatchewan,469,24,5.6,3.5,8.6,Clopper-Pearson,C,not significantly different
2021 SCMH,Suicidal ideation,Percentage (%) of population aged 18 years and older who reported suicidal ideation,all adults,Manitoba,501,25,5.5,3.3,8.5,Clopper-Pearson,C,not significantly different
2021 SCMH,Suicidal ideation,Percentage (%) of population aged 18 years and older who reported suicidal ideation,all adults,Ontario,1001,34,4.2,2.8,6.1,Clopper-Pearson,C,not significantly different
2021 SCMH,Suicidal ideation,Percentage (%) of population aged 18 years and older who reported suicidal ideation,all adults,Quebec,915,23,2.5,1.4,4.1,Clopper-Pearson,C,not significantly different
2021 SCMH,Suicidal ideation,Percentage (%) of population aged 18 years and older who reported suicidal ideation,all adults,New Brunswick,465,11,2.9,1.2,5.7,Clopper-Pearson,C,not significantly different
2021 SCMH,Suicidal ideation,Percentage (%) of population aged 18 years and older who reported suicidal ideation,all adults,Nova Scotia,491,17,3.7,2.1,6.2,Clopper-Pearson,C,not significantly different
2021 SCMH,Suicidal ideation,Percentage (%) of population aged 18 years and older who reported suicidal ideation,all adults,Prince Edward Island,364,17,4.8,2.4,8.6,Clopper-Pearson,C,not significantly different
2021 SCMH,Suicidal ideation,Percentage (%) of population aged 18 years and older who reported suicidal ideation,all adults,Newfoundland And Labrador,386,11,3.6,1.5,7.3,Clopper-Pearson,C,not significantly different
2021 SCMH,Suicidal ideation,Percentage (%) of population aged 18 years and older who reported suicidal ideation,all adults,Yukon (Whitehorse),355,19,5.8,3.3,9.5,Clopper-Pearson,C,not significantly different
2021 SCMH,Suicidal ideation,Percentage (%) of population aged 18 years and older who reported suicidal ideation,all adults,Northwest Territories (Yellowknife),346,15,4.9,2.4,8.8,Clopper-Pearson,C,not significantly different
2021 SCMH,Suicidal ideation,Percentage (%) of population aged 18 years and older who reported suicidal ideation,all adults,Nunavut (Iqaluit),148,11,8.5,3.5,16.6,Clopper-Pearson,C,not significantly different
2021 SCMH,Suicidal ideation,Percentage (%) of population aged 18 years and older who reported suicidal ideation,females,Canada,3741,149,4.0,3.0,5.2,Clopper-Pearson,C,
2021 SCMH,Suicidal ideation,Percentage (%) of population aged 18 years and older who reported suicidal ideation,females,British Columbia,321,14,4.5,2.3,7.6,Clopper-Pearson,C,not significantly different
2021 SCMH,Suicidal ideation,Percentage (%) of population aged 18 years and older who reported suicidal ideation,females,Alberta,310,18,5.0,2.8,8.1,Clopper-Pearson,C,not significantly different
2021 SCMH,Suicidal ideation,Percentage (%) of population aged 18 years and older who reported suicidal ideation,females,Saskatchewan,281,16,7.1,3.8,12.0,Clopper-Pearson,C,not significantly different
2021 SCMH,Suicidal ideation,Percentage (%) of population aged 18 years and older who reported suicidal ideation,females,Manitoba,279,12,3.4,1.6,6.3,Clopper-Pearson,C,not significantly different
2021 SCMH,Suicidal ideation,Percentage (%) of population aged 18 years and older who reported suicidal ideation,females,Ontario,550,21,5.1,3.0,7.9,Clopper-Pearson,C,not significantly different
2021 SCMH,Suicidal ideation,Percentage (%) of population aged 18 years and older who reported suicidal ideation,females,Quebec,521,9,1.4,0.6,2.8,Clopper-Pearson,C,significantly lower
2021 SCMH,Suicidal ideation,Percentage (%) of population aged 18 years and older who reported suicidal ideation,females,New Brunswick,278,6,2.8,0.7,7.3,Clopper-Pearson,C,not significantly different
2021 SCMH,Suicidal ideation,Percentage (%) of population aged 18 years and older who reported suicidal ideation,females,Nova Scotia,286,7,2.4,0.8,5.4,Clopper-Pearson,C,not significantly different
2021 SCMH,Suicidal ideation,Percentage (%) of population aged 18 years and older who reported suicidal ideation,females,Prince Edward Island,225,12,4.5,2.1,8.3,Clopper-Pearson,C,not significantly different
2021 SCMH,Suicidal ideation,Percentage (%) of population aged 18 years and older who reported suicidal ideation,females,Newfoundland And Labrador,229,7,4.3,1.2,10.8,Clopper-Pearson,C,not significantly different
2021 SCMH,Suicidal ideation,Percentage (%) of population aged 18 years and older who reported suicidal ideation,females,Yukon (Whitehorse),202,11,6.0,2.8,11.0,Clopper-Pearson,C,not significantly different
2021 SCMH,Suicidal ideation,Percentage (%) of population aged 18 years and older who reported suicidal ideation,females,Northwest Territories (Yellowknife),178,9,7.0,2.6,14.6,Clopper-Pearson,C,not significantly different
2021 SCMH,Suicidal ideation,Percentage (%) of population aged 18 years and older who reported suicidal ideation,females,Nunavut (Iqaluit),81,7,7.4,2.5,16.3,Clopper-Pearson,A,not significantly different
2021 SCMH,Suicidal ideation,Percentage (%) of population aged 18 years and older who reported suicidal ideation,males,Canada,2815,108,4.1,3.0,5.5,Clopper-Pearson,C,
2021 SCMH,Suicidal ideation,Percentage (%) of population aged 18 years and older who reported suicidal ideation,males,British Columbia,253,15,7.3,3.6,13.0,Clopper-Pearson,C,not significantly different
2021 SCMH,Suicidal ideation,Percentage (%) of population aged 18 years and older who reported suicidal ideation,males,Alberta,238,8,4.3,1.5,9.6,Clopper-Pearson,C,not significantly different
2021 SCMH,Suicidal ideation,Percentage (%) of population aged 18 years and older who reported suicidal ideation,males,Saskatchewan,188,8,4.1,1.6,8.6,Clopper-Pearson,C,not significantly different
2021 SCMH,Suicidal ideation,Percentage (%) of population aged 18 years and older who reported suicidal ideation,males,Manitoba,222,13,7.6,3.8,13.3,Clopper-Pearson,C,not significantly different
2021 SCMH,Suicidal ideation,Percentage (%) of population aged 18 years and older who reported suicidal ideation,males,Ontario,448,11,2.9,1.3,5.4,Clopper-Pearson,C,not significantly different
2021 SCMH,Suicidal ideation,Percentage (%) of population aged 18 years and older who reported suicidal ideation,males,Quebec,394,14,3.6,1.5,7.0,Clopper-Pearson,C,not significantly different
2021 SCMH,Suicidal ideation,Percentage (%) of population aged 18 years and older who reported suicidal ideation,males,New Brunswick,186,< 5,,,,Clopper-Pearson,B,
2021 SCMH,Suicidal ideation,Percentage (%) of population aged 18 years and older who reported suicidal ideation,males,Nova Scotia,205,10,5.2,2.4,9.6,Clopper-Pearson,C,not significantly different
2021 SCMH,Suicidal ideation,Percentage (%) of population aged 18 years and older who reported suicidal ideation,males,Prince Edward Island,139,5,5.1,1.4,12.9,Clopper-Pearson,C,not significantly different
2021 SCMH,Suicidal ideation,Percentage (%) of population aged 18 years and older who reported suicidal ideation,males,Newfoundland And Labrador,157,< 5,,,,Clopper-Pearson,B,
2021 SCMH,Suicidal ideation,Percentage (%) of population aged 18 years and older who reported suicidal ideation,males,Yukon (Whitehorse),151,7,5.3,1.9,11.2,Clopper-Pearson,C,not significantly different
2021 SCMH,Suicidal ideation,Percentage (%) of population aged 18 years and older who reported suicidal ideation,males,Northwest Territories (Yellowknife),167,5,2.3,0.6,5.9,Clopper-Pearson,C,not significantly different
2021 SCMH,Suicidal ideation,Percentage (%) of population aged 18 years and older who reported suicidal ideation,males,Nunavut (Iqaluit),67,< 5,,,,Clopper-Pearson,B,
2020 and 2021 SCMH (combined),Suicidal ideation,Percentage (%) of population aged 18 years and older who reported suicidal ideation,all adults,Canada,18858,579,3.3,2.9,3.8,Clopper-Pearson,C,
2020 and 2021 SCMH (combined),Suicidal ideation,Percentage (%) of population aged 18 years and older who reported suicidal ideation,all adults,British Columbia,1722,58,4.1,2.9,5.7,Clopper-Pearson,C,not significantly different
2020 and 2021 SCMH (combined),Suicidal ideation,Percentage (%) of population aged 18 years and older who reported suicidal ideation,all adults,Alberta,1640,75,4.3,3.1,5.8,Clopper-Pearson,C,not significantly different
2020 and 2021 SCMH (combined),Suicidal ideation,Percentage (%) of population aged 18 years and older who reported suicidal ideation,all adults,Saskatchewan,1367,44,4.0,2.7,5.6,Clopper-Pearson,C,not significantly different
2020 and 2021 SCMH (combined),Suicidal ideation,Percentage (%) of population aged 18 years and older who reported suicidal ideation,all adults,Manitoba,1481,60,4.8,3.5,6.5,Clopper-Pearson,C,not significantly different
2020 and 2021 SCMH (combined),Suicidal ideation,Percentage (%) of population aged 18 years and older who reported suicidal ideation,all adults,Ontario,2970,81,3.4,2.5,4.3,Clopper-Pearson,C,not significantly different
2020 and 2021 SCMH (combined),Suicidal ideation,Percentage (%) of population aged 18 years and older who reported suicidal ideation,all adults,Quebec,2611,48,1.9,1.3,2.8,Clopper-Pearson,C,significantly lower
2020 and 2021 SCMH (combined),Suicidal ideation,Percentage (%) of population aged 18 years and older who reported suicidal ideation,all adults,New Brunswick,1339,31,2.9,1.8,4.5,Clopper-Pearson,C,not significantly different
2020 and 2021 SCMH (combined),Suicidal ideation,Percentage (%) of population aged 18 years and older who reported suicidal ideation,all adults,Nova Scotia,1451,51,3.8,2.6,5.4,Clopper-Pearson,C,not significantly different
2020 and 2021 SCMH (combined),Suicidal ideation,Percentage (%) of population aged 18 years and older who reported suicidal ideation,all adults,Prince Edward Island,1186,33,3.5,2.1,5.4,Clopper-Pearson,C,not significantly different
2020 and 2021 SCMH (combined),Suicidal ideation,Percentage (%) of population aged 18 years and older who reported suicidal ideation,all adults,Newfoundland And Labrador,1228,28,2.9,1.7,4.7,Clopper-Pearson,C,not significantly different
2020 and 2021 SCMH (combined),Suicidal ideation,Percentage (%) of population aged 18 years and older who reported suicidal ideation,all adults,Yukon (Whitehorse),771,27,3.8,2.4,5.8,Clopper-Pearson,C,not significantly different
2020 and 2021 SCMH (combined),Suicidal ideation,Percentage (%) of population aged 18 years and older who reported suicidal ideation,all adults,Northwest Territories (Yellowknife),711,26,3.7,2.1,5.9,Clopper-Pearson,C,not significantly different
2020 and 2021 SCMH (combined),Suicidal ideation,Percentage (%) of population aged 18 years and older who reported suicidal ideation,all adults,Nunavut (Iqaluit),381,17,5.8,2.9,10.2,Clopper-Pearson,C,not significantly different
2020 and 2021 SCMH (combined),Suicidal ideation,Percentage (%) of population aged 18 years and older who reported suicidal ideation,females,Canada,10774,346,3.3,2.8,4.0,Clopper-Pearson,C,
2020 and 2021 SCMH (combined),Suicidal ideation,Percentage (%) of population aged 18 years and older who reported suicidal ideation,females,British Columbia,960,31,3.4,2.1,5.1,Clopper-Pearson,C,not significantly different
2020 and 2021 SCMH (combined),Suicidal ideation,Percentage (%) of population aged 18 years and older who reported suicidal ideation,females,Alberta,907,46,4.4,3.1,6.1,Clopper-Pearson,C,not significantly different
2020 and 2021 SCMH (combined),Suicidal ideation,Percentage (%) of population aged 18 years and older who reported suicidal ideation,females,Saskatchewan,812,27,4.4,2.6,6.8,Clopper-Pearson,C,not significantly different
2020 and 2021 SCMH (combined),Suicidal ideation,Percentage (%) of population aged 18 years and older who reported suicidal ideation,females,Manitoba,832,29,3.8,2.3,5.7,Clopper-Pearson,C,not significantly different
2020 and 2021 SCMH (combined),Suicidal ideation,Percentage (%) of population aged 18 years and older who reported suicidal ideation,females,Ontario,1649,51,4.0,2.8,5.5,Clopper-Pearson,C,not significantly different
2020 and 2021 SCMH (combined),Suicidal ideation,Percentage (%) of population aged 18 years and older who reported suicidal ideation,females,Quebec,1481,25,1.5,1.0,2.3,Clopper-Pearson,C,significantly lower
2020 and 2021 SCMH (combined),Suicidal ideation,Percentage (%) of population aged 18 years and older who reported suicidal ideation,females,New Brunswick,790,17,2.7,1.2,5.1,Clopper-Pearson,C,not significantly different
2020 and 2021 SCMH (combined),Suicidal ideation,Percentage (%) of population aged 18 years and older who reported suicidal ideation,females,Nova Scotia,877,34,3.4,2.2,5.0,Clopper-Pearson,C,not significantly different
2020 and 2021 SCMH (combined),Suicidal ideation,Percentage (%) of population aged 18 years and older who reported suicidal ideation,females,Prince Edward Island,728,23,3.2,1.8,5.1,Clopper-Pearson,C,not significantly different
2020 and 2021 SCMH (combined),Suicidal ideation,Percentage (%) of population aged 18 years and older who reported suicidal ideation,females,Newfoundland And Labrador,703,19,3.6,1.7,6.7,Clopper-Pearson,C,not significantly different
2020 and 2021 SCMH (combined),Suicidal ideation,Percentage (%) of population aged 18 years and older who reported suicidal ideation,females,Yukon (Whitehorse),453,17,4.1,2.3,6.7,Clopper-Pearson,C,not significantly different
2020 and 2021 SCMH (combined),Suicidal ideation,Percentage (%) of population aged 18 years and older who reported suicidal ideation,females,Northwest Territories (Yellowknife),374,16,5.3,2.5,9.6,Clopper-Pearson,C,not significantly different
2020 and 2021 SCMH (combined),Suicidal ideation,Percentage (%) of population aged 18 years and older who reported suicidal ideation,females,Nunavut (Iqaluit),208,11,5.0,2.1,9.8,Clopper-Pearson,C,not significantly different
2020 and 2021 SCMH (combined),Suicidal ideation,Percentage (%) of population aged 18 years and older who reported suicidal ideation,males,Canada,8048,222,3.1,2.4,3.8,Clopper-Pearson,C,
2020 and 2021 SCMH (combined),Suicidal ideation,Percentage (%) of population aged 18 years and older who reported suicidal ideation,males,British Columbia,758,27,5.0,2.9,7.9,Clopper-Pearson,C,not significantly different
2020 and 2021 SCMH (combined),Suicidal ideation,Percentage (%) of population aged 18 years and older who reported suicidal ideation,males,Alberta,729,27,3.9,2.1,6.5,Clopper-Pearson,C,not significantly different
2020 and 2021 SCMH (combined),Suicidal ideation,Percentage (%) of population aged 18 years and older who reported suicidal ideation,males,Saskatchewan,552,17,3.6,1.9,6.1,Clopper-Pearson,C,not significantly different
2020 and 2021 SCMH (combined),Suicidal ideation,Percentage (%) of population aged 18 years and older who reported suicidal ideation,males,Manitoba,645,29,5.4,3.3,8.4,Clopper-Pearson,C,not significantly different
2020 and 2021 SCMH (combined),Suicidal ideation,Percentage (%) of population aged 18 years and older who reported suicidal ideation,males,Ontario,1314,27,2.4,1.4,3.7,Clopper-Pearson,C,not significantly different
2020 and 2021 SCMH (combined),Suicidal ideation,Percentage (%) of population aged 18 years and older who reported suicidal ideation,males,Quebec,1126,23,2.3,1.2,4.0,Clopper-Pearson,C,not significantly different
2020 and 2021 SCMH (combined),Suicidal ideation,Percentage (%) of population aged 18 years and older who reported suicidal ideation,males,New Brunswick,548,13,2.8,1.3,5.3,Clopper-Pearson,C,not significantly different
2020 and 2021 SCMH (combined),Suicidal ideation,Percentage (%) of population aged 18 years and older who reported suicidal ideation,males,Nova Scotia,573,17,4.3,2.2,7.4,Clopper-Pearson,C,not significantly different
2020 and 2021 SCMH (combined),Suicidal ideation,Percentage (%) of population aged 18 years and older who reported suicidal ideation,males,Prince Edward Island,457,10,3.7,1.5,7.5,Clopper-Pearson,C,not significantly different
2020 and 2021 SCMH (combined),Suicidal ideation,Percentage (%) of population aged 18 years and older who reported suicidal ideation,males,Newfoundland And Labrador,524,8,2.0,0.7,4.5,Clopper-Pearson,C,not significantly different
2020 and 2021 SCMH (combined),Suicidal ideation,Percentage (%) of population aged 18 years and older who reported suicidal ideation,males,Yukon (Whitehorse),313,9,3.3,1.4,6.6,Clopper-Pearson,C,not significantly different
2020 and 2021 SCMH (combined),Suicidal ideation,Percentage (%) of population aged 18 years and older who reported suicidal ideation,males,Northwest Territories (Yellowknife),336,9,2.0,0.8,4.1,Clopper-Pearson,C,not significantly different
2020 and 2021 SCMH (combined),Suicidal ideation,Percentage (%) of population aged 18 years and older who reported suicidal ideation,males,Nunavut (Iqaluit),173,6,6.6,2.0,15.4,Clopper-Pearson,C,not significantly different
